start_time,order_map,latitude,longitude,accuracy,altitude,altitudeAccuracy,heading,speed,timestamp,year,month,date,assess_time,id,consent,consent,age,Grade,Gender,pa_init_sound_auto_stop,pa_init_sound_time_remain,pa_init_sound_attempted,pa_init_sound_item_at_time,pa_init_sound_time_intermediate_captured,pa_init_sound_1,pa_init_sound_2,pa_init_sound_3,pa_init_sound_4,pa_init_sound_5,pa_init_sound_6,pa_init_sound_7,pa_init_sound_8,pa_init_sound_9,pa_init_sound_10,pa_init_sound_time_allowed,pa_init_sound_items_per_minute,letter_auto_stop,letter_time_remain,letter_attempted,letter_item_at_time,letter_time_intermediate_captured,letter_1,letter_2,letter_3,letter_4,letter_5,letter_6,letter_7,letter_8,letter_9,letter_10,letter_11,letter_12,letter_13,letter_14,letter_15,letter_16,letter_17,letter_18,letter_19,letter_20,letter_time_allowed,letter_items_per_minute,invented_word_auto_stop,invented_word_time_remain,invented_word_attempted,invented_word_item_at_time,invented_word_time_intermediate_captured,invented_word_1,invented_word_2,invented_word_3,invented_word_4,invented_word_5,invented_word_6,invented_word_7,invented_word_8,invented_word_9,invented_word_10,invented_word_11,invented_word_12,invented_word_13,invented_word_14,invented_word_time_allowed,invented_word_items_per_minute,familiar_word_auto_stop,familiar_word_time_remain,familiar_word_attempted,familiar_word_item_at_time,familiar_word_time_intermediate_captured,familiar_word_1,familiar_word_2,familiar_word_3,familiar_word_4,familiar_word_5,familiar_word_6,familiar_word_7,familiar_word_8,familiar_word_9,familiar_word_10,familiar_word_11,familiar_word_12,familiar_word_13,familiar_word_14,familiar_word_15,familiar_word_16,familiar_word_17,familiar_word_18,familiar_word_19,familiar_word_20,familiar_word_21,familiar_word_22,familiar_word_23,familiar_word_24,familiar_word_25,familiar_word_26,familiar_word_27,familiar_word_28,familiar_word_29,familiar_word_30,familiar_word_31,familiar_word_32,familiar_word_33,familiar_word_34,familiar_word_35,familiar_word_36,familiar_word_37,familiar_word_38,familiar_word_39,familiar_word_40,familiar_word_time_allowed,familiar_word_items_per_minute,reading_passage_auto_stop,reading_passage_time_remain,reading_passage_attempted,reading_passage_item_at_time,reading_passage_time_intermediate_captured,reading_passage_1,reading_passage_2,reading_passage_3,reading_passage_4,reading_passage_5,reading_passage_6,reading_passage_7,reading_passage_8,reading_passage_9,reading_passage_10,reading_passage_11,reading_passage_12,reading_passage_13,reading_passage_14,reading_passage_15,reading_passage_16,reading_passage_17,reading_passage_18,reading_passage_19,reading_passage_20,reading_passage_21,reading_passage_22,reading_passage_23,reading_passage_24,reading_passage_25,reading_passage_26,reading_passage_27,reading_passage_28,reading_passage_29,reading_passage_30,reading_passage_31,reading_passage_32,reading_passage_33,reading_passage_34,reading_passage_35,reading_passage_36,reading_passage_37,reading_passage_38,reading_passage_39,reading_passage_40,reading_passage_41,reading_passage_42,reading_passage_43,reading_passage_44,reading_passage_45,reading_passage_46,reading_passage_47,reading_passage_48,reading_passage_49,reading_passage_50,reading_passage_51,reading_passage_52,reading_passage_53,reading_passage_54,reading_passage_55,reading_passage_time_allowed,reading_passage_items_per_minute,reading_comp_att1,reading_comp1,reading_comp2,reading_comp3,reading_comp4,reading_comp5,dict1,dict2,dict3,Pupil_context_1_0,Pupil_context_1_1,Pupil_context_1_2,Pupil_context_1_3,Pupil_context_2,Pupil_context_3,Pupil_context_4,Pupil_context_5,Pupil_context_6,additional_comments,end_time,timestamp_0,timestamp_1,timestamp_2,timestamp_3,timestamp_4,timestamp_5,timestamp_6,timestamp_7,timestamp_8,timestamp_9,timestamp_10,timestamp_11,timestamp_12,timestamp_13,timestamp_14,timestamp_15,timestamp_16,timestamp_17
1.47454E+12,no_record,,,,,,,,,2016,,22,11:03,VBMWMS,yes,yes,12,4,0,FALSE,1966,10,,,1,1,1,1,0,1,1,1,1,1,no_record,NaN,FALSE,1963,20,,,1,1,1,1,1,1,1,1,1,1,1,1,1,1,1,1,1,1,1,0,no_record,NaN,FALSE,1963,14,,,1,1,1,1,1,1,1,1,1,1,1,1,1,1,no_record,NaN,FALSE,1833,40,,,0,1,0,1,0,0,1,0,1,0,1,1,1,1,0,1,1,1,1,1,1,1,0,0,1,1,1,1,1,0,1,1,1,1,0,1,1,1,0,1,no_record,NaN,FALSE,1844,55,,,1,1,1,1,1,1,1,1,1,1,1,1,0,1,1,1,0,1,1,0,1,1,1,1,1,1,0,1,1,0,0,0,0,0,1,0,0,0,0,0,1,0,0,0,0,0,0,0,0,1,0,1,0,1,0,no_record,NaN,1,1,0,0,1,1,2,4,1,0,1,0,0,1,1,1,0,999,,1.47454E+12,1.47454E+12,1.47454E+12,1.47454E+12,1.47454E+12,1.47454E+12,1.47454E+12,1.47454E+12,1.47454E+12,1.47454E+12,1.47454E+12,1.47454E+12,1.47454E+12,1.47454E+12,1.47454E+12,1.47454E+12,1.47454E+12,1.47454E+12,1.47454E+12
1.47437E+12,no_record,8.353719523,-12.13463022,16,123.7001077,...,...,0,1.47437E+12,2016,9,20,12:14,VHHXHY,yes,yes,12,4,1,FALSE,1972,10,,,1,1,1,1,1,1,0,1,1,1,no_record,NaN,FALSE,1976,20,,,1,1,1,1,1,1,1,1,1,0,1,1,1,1,1,1,1,1,1,1,no_record,NaN,TRUE,1958,6,,,0,0,0,0,0,0,.,.,.,.,.,.,.,.,no_record,NaN,TRUE,1981,8,,,0,0,0,0,0,0,0,0,.,.,.,.,.,.,.,.,.,.,.,.,.,.,.,.,.,.,.,.,.,.,.,.,.,.,.,.,.,.,.,.,no_record,NaN,TRUE,1976,11,,,0,0,0,0,0,0,0,0,0,0,0,.,.,.,.,.,.,.,.,.,.,.,.,.,.,.,.,.,.,.,.,.,.,.,.,.,.,.,.,.,.,.,.,.,.,.,.,.,.,.,.,.,.,.,.,no_record,NaN,0,0,0,3,0,0,2,0,0,0,1,0,0,1,1,1,1,2,,1.47437E+12,1.47437E+12,1.47437E+12,1.47437E+12,1.47437E+12,1.47437E+12,1.47437E+12,1.47437E+12,1.47437E+12,1.47437E+12,1.47437E+12,1.47437E+12,1.47437E+12,1.47437E+12,1.47437E+12,1.47437E+12,1.47437E+12,1.47437E+12,1.47437E+12
1.47437E+12,no_record,8.35379936,-12.13452833,24,134.8857719,...,...,0,1.47437E+12,2016,9,20,12:21,FXMFPC,yes,yes,12,4,1,FALSE,1956,10,,,0,0,1,1,1,0,1,0,1,1,no_record,NaN,FALSE,1942,20,,,1,1,1,1,1,1,0,1,1,1,1,1,1,1,1,1,0,1,1,1,no_record,NaN,FALSE,1956,14,,,0,1,1,1,1,1,1,1,1,0,0,1,0,1,no_record,NaN,TRUE,1937,8,,,0,0,0,0,0,0,0,0,.,.,.,.,.,.,.,.,.,.,.,.,.,.,.,.,.,.,.,.,.,.,.,.,.,.,.,.,.,.,.,.,no_record,NaN,TRUE,1955,11,,,0,0,0,0,0,0,0,0,0,0,0,.,.,.,.,.,.,.,.,.,.,.,.,.,.,.,.,.,.,.,.,.,.,.,.,.,.,.,.,.,.,.,.,.,.,.,.,.,.,.,.,.,.,.,.,no_record,NaN,0,0,0,3,0,0,2,1,0,0,1,0,0,1,1,1,1,2,,1.47437E+12,1.47437E+12,1.47437E+12,1.47437E+12,1.47437E+12,1.47437E+12,1.47437E+12,1.47437E+12,1.47437E+12,1.47437E+12,1.47437E+12,1.47437E+12,1.47437E+12,1.47437E+12,1.47437E+12,1.47437E+12,1.47437E+12,1.47437E+12,1.47437E+12
1.47437E+12,no_record,,,,,,,,,2016,9,20,12:32,FSVPGR,yes,yes,12,4,1,FALSE,1949,10,,,1,1,1,0,1,0,1,1,1,1,no_record,NaN,FALSE,1908,20,,,1,1,0,1,1,1,0,1,1,1,1,1,1,0,1,1,0,1,1,0,no_record,NaN,FALSE,1956,14,,,0,1,1,0,1,1,0,0,1,0,0,1,1,0,no_record,NaN,FALSE,1901,39,,,0,1,1,1,1,1,1,1,0,0,0,0,1,0,0,0,1,0,0,0,0,0,0,0,0,0,0,1,1,0,1,0,0,0,1,0,0,0,0,.,no_record,NaN,TRUE,1970,11,,,0,0,0,0,0,0,0,0,0,0,0,.,.,.,.,.,.,.,.,.,.,.,.,.,.,.,.,.,.,.,.,.,.,.,.,.,.,.,.,.,.,.,.,.,.,.,.,.,.,.,.,.,.,.,.,no_record,NaN,0,0,0,0,0,0,2,1,1,0,1,0,0,1,1,1,1,1,,1.47438E+12,1.47437E+12,1.47437E+12,1.47437E+12,1.47437E+12,1.47437E+12,1.47437E+12,1.47437E+12,1.47437E+12,1.47437E+12,1.47438E+12,1.47438E+12,1.47438E+12,1.47438E+12,1.47438E+12,1.47438E+12,1.47438E+12,1.47438E+12,1.47438E+12
1.47438E+12,no_record,,,,,,,,,2016,9,20,12:42,ZESSWT,yes,yes,11,4,1,FALSE,1959,10,,,0,1,1,1,0,1,0,0,0,0,no_record,NaN,FALSE,1978,20,,,1,1,1,1,1,1,1,1,1,1,1,1,1,1,1,1,1,1,1,1,no_record,NaN,FALSE,1969,14,,,0,1,1,1,1,1,1,0,1,1,1,1,0,1,no_record,NaN,FALSE,1933,40,,,0,1,1,1,0,1,1,1,1,1,1,0,1,1,0,1,1,0,1,0,0,0,1,0,0,1,1,1,1,0,1,0,1,1,1,1,1,1,1,1,no_record,NaN,TRUE,1969,11,,,0,0,0,0,0,0,0,0,0,0,0,.,.,.,.,.,.,.,.,.,.,.,.,.,.,.,.,.,.,.,.,.,.,.,.,.,.,.,.,.,.,.,.,.,.,.,.,.,.,.,.,.,.,.,.,no_record,NaN,0,0,0,0,3,0,2,2,1,0,1,0,0,1,1,1,1,1,,1.47438E+12,1.47438E+12,1.47438E+12,1.47438E+12,1.47438E+12,1.47438E+12,1.47438E+12,1.47438E+12,1.47438E+12,1.47438E+12,1.47438E+12,1.47438E+12,1.47438E+12,1.47438E+12,1.47438E+12,1.47438E+12,1.47438E+12,1.47438E+12,1.47438E+12
1.47438E+12,no_record,8.353810686,-12.13471317,16,119.7451115,...,...,0,1.47438E+12,2016,9,20,12:51,TZSKMH,yes,yes,13,4,0,FALSE,1978,10,,,1,1,1,1,1,1,1,1,1,1,no_record,NaN,FALSE,1986,20,,,1,1,1,1,1,1,1,1,1,1,1,1,1,1,1,1,1,1,1,1,no_record,NaN,FALSE,1985,14,,,1,1,1,1,1,1,0,1,1,1,1,1,1,1,no_record,NaN,FALSE,1959,40,,,1,1,1,1,1,1,1,1,1,1,1,1,1,1,1,1,1,1,1,1,1,1,1,1,0,1,1,1,1,1,1,1,1,1,1,1,1,1,1,1,no_record,NaN,FALSE,1957,55,,,1,1,1,1,1,1,1,1,1,1,1,1,1,1,1,1,1,1,1,1,1,1,1,1,1,1,1,1,1,1,1,1,1,1,1,1,1,1,1,1,1,1,1,1,1,1,1,1,1,1,1,1,1,1,1,no_record,NaN,1,1,1,1,0,0,2,3,2,0,1,0,0,1,1,1,0,999,,1.47438E+12,1.47438E+12,1.47438E+12,1.47438E+12,1.47438E+12,1.47438E+12,1.47438E+12,1.47438E+12,1.47438E+12,1.47438E+12,1.47438E+12,1.47438E+12,1.47438E+12,1.47438E+12,1.47438E+12,1.47438E+12,1.47438E+12,1.47438E+12,1.47438E+12
1.47438E+12,no_record,8.353909396,-12.13460298,48,130.3105952,...,...,0,1.47438E+12,2016,9,20,12:59,FMMXPP,yes,yes,10,4,0,FALSE,1951,10,,,1,1,1,1,1,1,1,1,0,1,no_record,NaN,FALSE,1942,20,,,1,1,1,1,1,1,1,1,1,0,1,1,1,1,1,1,1,1,1,1,no_record,NaN,FALSE,1974,14,,,1,1,1,1,1,1,0,1,1,0,1,1,1,1,no_record,NaN,FALSE,1926,40,,,0,1,1,1,0,1,0,1,0,1,1,0,1,0,0,1,1,0,1,0,0,0,0,0,0,1,0,0,1,0,1,0,0,0,0,0,1,0,0,0,no_record,NaN,TRUE,1968,11,,,0,0,0,0,0,0,0,0,0,0,0,.,.,.,.,.,.,.,.,.,.,.,.,.,.,.,.,.,.,.,.,.,.,.,.,.,.,.,.,.,.,.,.,.,.,.,.,.,.,.,.,.,.,.,.,no_record,NaN,0,0,3,3,3,3,2,0,0,0,1,0,0,1,1,1,0,999,,1.47438E+12,1.47438E+12,1.47438E+12,1.47438E+12,1.47438E+12,1.47438E+12,1.47438E+12,1.47438E+12,1.47438E+12,1.47438E+12,1.47438E+12,1.47438E+12,1.47438E+12,1.47438E+12,1.47438E+12,1.47438E+12,1.47438E+12,1.47438E+12,1.47438E+12
1.47438E+12,no_record,,,,,,,,,2016,9,20,13:08,RUXBPA,yes,yes,12,4,0,FALSE,1967,10,,,1,1,1,1,1,0,1,0,0,1,no_record,NaN,FALSE,1968,20,,,1,1,1,1,1,1,1,1,1,1,1,1,1,1,1,1,1,1,1,1,no_record,NaN,FALSE,1985,14,,,1,1,1,1,1,1,1,1,1,0,1,1,1,1,no_record,NaN,FALSE,1888,40,,,0,1,1,1,0,1,1,1,1,1,1,1,1,0,1,1,1,1,1,0,1,1,1,1,1,1,1,1,1,1,1,1,1,1,1,1,1,1,0,1,no_record,NaN,FALSE,1957,55,,,1,1,1,1,1,1,1,1,1,1,1,1,0,1,1,1,1,1,1,0,1,0,1,1,1,1,1,0,1,1,1,1,1,1,1,0,1,1,1,1,1,1,1,1,0,1,1,1,0,1,1,1,1,1,1,no_record,NaN,1,0,0,0,0,0,2,0,0,0,1,0,0,1,1,1,1,1,,1.47438E+12,1.47438E+12,1.47438E+12,1.47438E+12,1.47438E+12,1.47438E+12,1.47438E+12,1.47438E+12,1.47438E+12,1.47438E+12,1.47438E+12,1.47438E+12,1.47438E+12,1.47438E+12,1.47438E+12,1.47438E+12,1.47438E+12,1.47438E+12,1.47438E+12
1.47438E+12,no_record,,,,,,,,,2016,9,20,13:17,GFWQHE,yes,yes,12,4,0,FALSE,1977,10,,,1,1,1,1,1,1,1,1,1,1,no_record,NaN,FALSE,1975,20,,,1,1,1,1,1,1,1,1,1,1,1,1,1,1,1,1,1,1,1,1,no_record,NaN,FALSE,1984,14,,,1,1,1,1,1,1,1,1,1,1,1,1,1,1,no_record,NaN,FALSE,1930,40,,,1,1,1,1,1,1,1,1,1,1,1,1,1,1,1,1,1,1,1,1,1,0,1,1,1,1,1,1,1,1,1,1,1,1,1,1,1,1,1,1,no_record,NaN,TRUE,1966,11,,,0,0,0,0,0,0,0,0,0,0,0,.,.,.,.,.,.,.,.,.,.,.,.,.,.,.,.,.,.,.,.,.,.,.,.,.,.,.,.,.,.,.,.,.,.,.,.,.,.,.,.,.,.,.,.,no_record,NaN,0,0,0,0,0,0,2,2,1,0,1,1,0,1,1,1,0,999,,1.47438E+12,1.47438E+12,1.47438E+12,1.47438E+12,1.47438E+12,1.47438E+12,1.47438E+12,1.47438E+12,1.47438E+12,1.47438E+12,1.47438E+12,1.47438E+12,1.47438E+12,1.47438E+12,1.47438E+12,1.47438E+12,1.47438E+12,1.47438E+12,1.47438E+12
1.47438E+12,no_record,,,,,,,,,2016,9,20,13:25,AQCUSN,yes,yes,13,4,0,FALSE,1963,10,,,1,1,1,0,1,1,1,0,1,0,no_record,NaN,FALSE,1955,20,,,1,1,1,1,1,1,1,1,1,1,1,1,1,1,1,1,1,1,1,1,no_record,NaN,FALSE,1970,14,,,1,1,1,1,1,1,1,1,1,1,1,1,1,1,no_record,NaN,FALSE,1947,40,,,0,1,1,1,1,1,1,1,1,1,1,0,1,0,0,1,1,0,0,0,0,0,1,0,0,1,1,0,1,0,1,0,1,1,1,1,1,1,0,1,no_record,NaN,TRUE,1954,11,,,0,0,0,0,0,0,0,0,0,0,0,.,.,.,.,.,.,.,.,.,.,.,.,.,.,.,.,.,.,.,.,.,.,.,.,.,.,.,.,.,.,.,.,.,.,.,.,.,.,.,.,.,.,.,.,no_record,NaN,1,0,0,0,0,0,2,0,0,0,1,0,0,1,1,1,0,999,,1.47438E+12,1.47438E+12,1.47438E+12,1.47438E+12,1.47438E+12,1.47438E+12,1.47438E+12,1.47438E+12,1.47438E+12,1.47438E+12,1.47438E+12,1.47438E+12,1.47438E+12,1.47438E+12,1.47438E+12,1.47438E+12,1.47438E+12,1.47438E+12,1.47438E+12
1.47454E+12,no_record,8.4372843,-12.2866708,15,97.93212601,...,67,0.11037384,1.47454E+12,2016,,22,10:33,CPFFGF,yes,yes,11,4,1,FALSE,1965,10,,,1,1,1,1,1,1,1,0,1,1,no_record,NaN,FALSE,1968,20,,,1,1,1,1,1,1,1,1,1,1,1,1,1,1,1,1,1,1,1,1,no_record,NaN,FALSE,1957,14,,,1,1,1,1,1,1,1,0,1,1,1,1,1,1,no_record,NaN,FALSE,1795,40,,,1,1,0,1,0,1,0,0,1,1,1,0,1,0,1,0,1,1,0,1,1,0,1,1,0,1,1,1,1,0,1,1,1,0,1,0,1,1,0,0,no_record,NaN,FALSE,1850,54,,,1,0,0,0,0,0,1,1,1,1,0,0,0,0,0,0,0,1,1,0,0,0,0,0,1,0,0,1,0,0,0,0,0,0,0,0,0,0,0,0,0,0,0,0,0,1,0,0,0,1,1,1,0,1,.,no_record,NaN,1,0,0,0,0,3,2,5,0,0,1,0,0,0,2,2,1,2,,1.47454E+12,1.47454E+12,1.47454E+12,1.47454E+12,1.47454E+12,1.47454E+12,1.47454E+12,1.47454E+12,1.47454E+12,1.47454E+12,1.47454E+12,1.47454E+12,1.47454E+12,1.47454E+12,1.47454E+12,1.47454E+12,1.47454E+12,1.47454E+12,1.47454E+12
1.47454E+12,no_record,8.4372843,-12.2866708,15,97.93212601,...,67,0.11037384,1.47454E+12,2016,,22,10:48,GNFZPU,yes,yes,11,4,0,FALSE,1955,10,,,1,0,1,1,1,1,1,1,1,1,no_record,NaN,FALSE,1953,20,,,1,1,1,1,1,1,1,0,0,1,1,1,1,1,1,1,1,1,1,1,no_record,NaN,FALSE,1952,14,,,0,1,1,1,1,1,1,0,1,1,1,1,1,1,no_record,NaN,FALSE,1817,40,,,0,1,1,1,0,0,0,0,1,1,1,0,1,1,1,0,1,1,0,1,1,0,1,1,0,1,1,1,1,0,1,1,1,1,1,1,1,0,0,0,no_record,NaN,FALSE,1778,55,,,1,1,1,1,0,1,1,1,1,1,0,0,1,0,1,0,0,0,0,0,0,1,0,0,0,0,0,1,0,1,1,0,0,1,0,0,0,1,0,0,0,0,0,0,0,1,0,0,0,1,1,1,0,1,1,no_record,NaN,1,3,3,3,3,3,2,0,0,0,1,0,0,0,2,1,0,999,,1.47454E+12,1.47454E+12,1.47454E+12,1.47454E+12,1.47454E+12,1.47454E+12,1.47454E+12,1.47454E+12,1.47454E+12,1.47454E+12,1.47454E+12,1.47454E+12,1.47454E+12,1.47454E+12,1.47454E+12,1.47454E+12,1.47454E+12,1.47454E+12,1.47454E+12
1.47454E+12,no_record,,,,,,,,,2016,,22,11:05,BAKMEV,yes,yes,12,4,0,FALSE,1973,10,,,1,1,1,1,1,1,1,1,1,1,no_record,NaN,FALSE,1967,20,,,1,1,1,1,1,1,1,1,1,1,1,1,1,1,1,1,1,1,1,1,no_record,NaN,FALSE,1967,14,,,1,1,1,1,1,1,1,1,1,1,1,1,1,1,no_record,NaN,FALSE,1911,39,,,0,1,1,1,0,1,0,1,1,1,1,0,1,1,1,1,1,1,1,1,1,1,1,0,1,1,1,1,1,1,1,1,1,0,1,1,1,1,1,.,no_record,NaN,FALSE,1885,55,,,1,1,1,1,1,1,1,1,1,1,0,1,0,1,1,1,1,1,1,1,1,0,0,1,1,1,1,1,1,1,1,1,1,1,1,1,1,1,1,1,1,1,1,0,1,1,1,1,0,1,1,1,1,1,1,no_record,NaN,1,0,0,0,0,3,2,5,2,0,1,0,0,0,2,1,0,999,,1.47454E+12,1.47454E+12,1.47454E+12,1.47454E+12,1.47454E+12,1.47454E+12,1.47454E+12,1.47454E+12,1.47454E+12,1.47454E+12,1.47454E+12,1.47454E+12,1.47454E+12,1.47454E+12,1.47454E+12,1.47454E+12,1.47454E+12,1.47454E+12,1.47454E+12
1.47437E+12,no_record,,,,,,,,,2016,2016-09,20,12:07,MUETMW,yes,yes,12,4,1,FALSE,1961,10,,,1,1,1,1,1,1,1,0,1,1,no_record,NaN,FALSE,1949,20,,,1,1,1,1,1,1,1,1,1,1,0,1,1,1,1,1,1,1,1,1,no_record,NaN,FALSE,1967,14,,,1,1,1,1,1,1,1,1,1,1,1,1,1,1,no_record,NaN,FALSE,1707,40,,,0,1,1,1,1,1,0,0,1,0,0,0,1,0,0,0,0,0,0,0,0,1,0,0,0,1,1,0,0,0,1,0,1,0,0,0,1,0,0,0,no_record,NaN,TRUE,1968,11,,,0,0,0,0,0,0,0,0,0,0,0,.,.,.,.,.,.,.,.,.,.,.,.,.,.,.,.,.,.,.,.,.,.,.,.,.,.,.,.,.,.,.,.,.,.,.,.,.,.,.,.,.,.,.,.,no_record,NaN,0,0,0,3,3,3,2,1,0,0,1,1,0,1,1,1,1,2,,1.47437E+12,1.47437E+12,1.47437E+12,1.47437E+12,1.47437E+12,1.47437E+12,1.47437E+12,1.47437E+12,1.47437E+12,1.47437E+12,1.47437E+12,1.47437E+12,1.47437E+12,1.47437E+12,1.47437E+12,1.47437E+12,1.47437E+12,1.47437E+12,1.47437E+12
1.47437E+12,no_record,,,,,,,,,2016,2016-09,20,12:20,NZBNUR,yes,yes,11,4,1,FALSE,1941,10,,,1,1,0,1,1,0,0,1,0,0,no_record,NaN,FALSE,1944,20,,,1,1,1,1,1,1,0,0,1,1,1,1,1,1,1,1,0,1,1,1,no_record,NaN,TRUE,1975,6,,,0,0,0,0,0,0,.,.,.,.,.,.,.,.,no_record,NaN,FALSE,1756,40,,,0,1,0,1,0,0,0,0,1,0,1,0,0,0,1,0,1,0,0,1,1,0,1,0,0,1,0,0,0,0,0,0,1,0,0,0,0,0,0,0,no_record,NaN,TRUE,1977,11,,,0,0,0,0,0,0,0,0,0,0,0,.,.,.,.,.,.,.,.,.,.,.,.,.,.,.,.,.,.,.,.,.,.,.,.,.,.,.,.,.,.,.,.,.,.,.,.,.,.,.,.,.,.,.,.,no_record,NaN,0,0,3,3,3,3,2,0,0,0,1,1,0,1,1,1,1,2,,1.47437E+12,1.47437E+12,1.47437E+12,1.47437E+12,1.47437E+12,1.47437E+12,1.47437E+12,1.47437E+12,1.47437E+12,1.47437E+12,1.47437E+12,1.47437E+12,1.47437E+12,1.47437E+12,1.47437E+12,1.47437E+12,1.47437E+12,1.47437E+12,1.47437E+12
1.47437E+12,no_record,,,,,,,,,2016,2016-09,20,12:33,UXUQKC,yes,yes,11,4,1,FALSE,1964,10,,,1,1,1,1,1,1,1,0,0,1,no_record,NaN,FALSE,1975,20,,,1,1,1,1,1,1,1,1,1,1,0,1,1,1,1,1,1,1,1,1,no_record,NaN,FALSE,1970,14,,,1,1,1,1,1,1,1,1,1,1,1,1,1,1,no_record,NaN,FALSE,1834,40,,,0,1,1,1,1,1,1,1,1,1,1,0,1,1,0,1,1,0,0,0,1,0,1,0,1,0,1,0,1,0,0,0,0,0,1,1,1,0,1,1,no_record,NaN,TRUE,1968,11,,,0,0,0,0,0,0,0,0,0,0,0,.,.,.,.,.,.,.,.,.,.,.,.,.,.,.,.,.,.,.,.,.,.,.,.,.,.,.,.,.,.,.,.,.,.,.,.,.,.,.,.,.,.,.,.,no_record,NaN,0,3,3,3,3,3,2,1,0,0,1,1,0,1,1,1,1,2,,1.47437E+12,1.47437E+12,1.47437E+12,1.47437E+12,1.47437E+12,1.47437E+12,1.47437E+12,1.47437E+12,1.47437E+12,1.47437E+12,1.47437E+12,1.47437E+12,1.47437E+12,1.47437E+12,1.47437E+12,1.47437E+12,1.47437E+12,1.47437E+12,1.47437E+12
1.47437E+12,no_record,,,,,,,,,2016,,20,12:44,FUWPSZ,yes,yes,11,4,1,FALSE,1913,10,,,1,1,1,1,1,1,1,0,0,0,no_record,NaN,FALSE,1939,20,,,1,1,0,1,1,1,1,1,1,1,1,1,1,1,1,1,1,1,1,1,no_record,NaN,FALSE,1970,14,,,1,1,1,1,1,1,1,1,1,1,1,1,1,1,no_record,NaN,FALSE,1861,40,,,0,1,1,1,0,1,1,0,0,0,0,0,0,0,0,0,1,0,0,0,0,0,0,0,0,0,0,0,1,0,1,0,1,0,1,0,1,0,0,0,no_record,NaN,TRUE,1967,11,,,0,0,0,0,0,0,0,0,0,0,0,.,.,.,.,.,.,.,.,.,.,.,.,.,.,.,.,.,.,.,.,.,.,.,.,.,.,.,.,.,.,.,.,.,.,.,.,.,.,.,.,.,.,.,.,no_record,NaN,0,3,3,3,3,3,2,1,0,0,1,1,0,1,1,1,1,2,,1.47437E+12,1.47437E+12,1.47437E+12,1.47437E+12,1.47437E+12,1.47437E+12,1.47437E+12,1.47437E+12,1.47437E+12,1.47437E+12,1.47437E+12,1.47437E+12,1.47437E+12,1.47437E+12,1.47437E+12,1.47437E+12,1.47437E+12,1.47437E+12,1.47437E+12
1.47437E+12,no_record,,,,,,,,,2016,2016-09,20,12:55,AEXVXC,yes,yes,11,4,0,FALSE,1961,10,,,1,1,1,1,1,1,1,1,1,1,no_record,NaN,FALSE,1973,20,,,1,1,1,1,1,1,1,1,1,1,1,1,1,1,1,1,1,1,1,1,no_record,NaN,FALSE,1961,14,,,1,1,1,1,1,1,0,1,1,0,1,1,1,1,no_record,NaN,FALSE,1780,40,,,0,1,1,1,1,1,1,0,1,0,1,0,1,0,1,1,1,1,0,0,0,0,0,0,1,1,1,0,1,0,1,1,1,1,0,0,1,1,0,0,no_record,NaN,TRUE,1977,11,,,0,0,0,0,0,0,0,0,0,0,0,.,.,.,.,.,.,.,.,.,.,.,.,.,.,.,.,.,.,.,.,.,.,.,.,.,.,.,.,.,.,.,.,.,.,.,.,.,.,.,.,.,.,.,.,no_record,NaN,0,3,3,3,3,3,2,1,0,0,1,1,0,1,1,1,1,2,,1.47437E+12,1.47437E+12,1.47437E+12,1.47437E+12,1.47437E+12,1.47437E+12,1.47437E+12,1.47437E+12,1.47437E+12,1.47437E+12,1.47437E+12,1.47437E+12,1.47437E+12,1.47437E+12,1.47437E+12,1.47437E+12,1.47437E+12,1.47437E+12,1.47437E+12
1.47437E+12,no_record,,,,,,,,,2016,2016-09,20,13:05,NFMMWN,yes,yes,13,4,0,FALSE,1972,10,,,1,1,1,1,1,1,1,0,1,1,no_record,NaN,FALSE,1965,20,,,1,1,1,1,1,1,1,1,1,1,1,1,1,1,1,1,1,1,1,1,no_record,NaN,FALSE,1970,14,,,1,1,1,1,1,1,1,1,1,1,1,1,1,1,no_record,NaN,FALSE,1838,40,,,0,1,1,1,1,1,1,0,1,0,0,0,1,0,0,1,1,0,0,0,1,0,0,0,0,1,1,0,1,1,1,0,1,1,1,0,0,0,0,1,no_record,NaN,TRUE,1965,11,,,0,0,0,0,0,0,0,0,0,0,0,.,.,.,.,.,.,.,.,.,.,.,.,.,.,.,.,.,.,.,.,.,.,.,.,.,.,.,.,.,.,.,.,.,.,.,.,.,.,.,.,.,.,.,.,no_record,NaN,0,3,3,3,3,3,2,3,0,0,1,1,0,1,1,1,1,2,,1.47437E+12,1.47437E+12,1.47437E+12,1.47437E+12,1.47437E+12,1.47437E+12,1.47437E+12,1.47437E+12,1.47437E+12,1.47437E+12,1.47437E+12,1.47437E+12,1.47437E+12,1.47437E+12,1.47437E+12,1.47437E+12,1.47437E+12,1.47437E+12,1.47437E+12
1.47437E+12,no_record,,,,,,,,,2016,2016-09,20,13:15,TBTNKE,yes,yes,10,4,0,FALSE,1974,10,,,1,1,1,1,1,1,1,1,1,1,no_record,NaN,FALSE,1981,20,,,1,1,1,1,1,1,1,1,1,1,1,1,1,1,1,1,1,1,1,1,no_record,NaN,FALSE,1986,14,,,1,1,1,1,1,1,1,1,1,1,1,1,1,1,no_record,NaN,FALSE,1865,40,,,0,1,0,1,0,1,1,1,1,1,0,0,1,0,1,1,0,0,0,1,0,0,0,1,0,1,0,0,0,1,1,0,0,0,0,0,1,0,0,0,no_record,NaN,TRUE,1971,11,,,0,0,0,0,0,0,0,0,0,0,0,.,.,.,.,.,.,.,.,.,.,.,.,.,.,.,.,.,.,.,.,.,.,.,.,.,.,.,.,.,.,.,.,.,.,.,.,.,.,.,.,.,.,.,.,no_record,NaN,0,0,3,3,3,3,2,4,0,0,1,1,0,1,1,1,1,2,,1.47437E+12,1.47437E+12,1.47437E+12,1.47437E+12,1.47437E+12,1.47437E+12,1.47437E+12,1.47437E+12,1.47437E+12,1.47437E+12,1.47437E+12,1.47437E+12,1.47437E+12,1.47437E+12,1.47437E+12,1.47437E+12,1.47437E+12,1.47437E+12,1.47437E+12
1.47437E+12,no_record,,,,,,,,,2016,2016-09,20,13:24,SVSXEQ,yes,yes,12,4,0,FALSE,1951,10,,,1,0,1,0,1,1,1,0,0,0,no_record,NaN,FALSE,1969,20,,,1,1,1,1,1,1,1,1,1,1,1,1,1,1,1,1,1,1,1,1,no_record,NaN,FALSE,1960,14,,,1,1,0,1,1,1,1,0,1,1,1,1,1,1,no_record,NaN,FALSE,1797,40,,,0,1,1,1,1,0,0,1,1,0,0,0,0,0,0,0,1,0,0,0,1,0,0,0,0,1,1,0,0,0,1,0,1,1,0,1,1,1,0,0,no_record,NaN,TRUE,1970,11,,,0,0,0,0,0,0,0,0,0,0,0,.,.,.,.,.,.,.,.,.,.,.,.,.,.,.,.,.,.,.,.,.,.,.,.,.,.,.,.,.,.,.,.,.,.,.,.,.,.,.,.,.,.,.,.,no_record,NaN,0,0,0,3,3,3,2,1,0,0,1,1,0,1,1,1,1,2,,1.47437E+12,1.47437E+12,1.47437E+12,1.47437E+12,1.47437E+12,1.47437E+12,1.47437E+12,1.47437E+12,1.47437E+12,1.47437E+12,1.47437E+12,1.47437E+12,1.47437E+12,1.47437E+12,1.47437E+12,1.47437E+12,1.47437E+12,1.47437E+12,1.47437E+12
1.47437E+12,no_record,,,,,,,,,2016,2016-09,20,13:34,GCUMUP,yes,yes,11,4,0,FALSE,1970,10,,,1,1,1,1,1,1,1,1,1,1,no_record,NaN,FALSE,1970,20,,,1,1,1,1,1,1,1,1,1,1,1,1,1,1,1,1,1,1,1,1,no_record,NaN,FALSE,1962,14,,,1,1,1,1,1,1,1,1,1,1,1,1,1,1,no_record,NaN,FALSE,1867,40,,,0,1,1,1,0,1,1,1,1,0,1,1,1,1,0,1,1,1,0,1,1,1,1,1,1,1,1,1,0,0,1,1,1,1,1,1,1,1,0,1,no_record,NaN,TRUE,1968,11,,,0,0,0,0,0,0,0,0,0,0,0,.,.,.,.,.,.,.,.,.,.,.,.,.,.,.,.,.,.,.,.,.,.,.,.,.,.,.,.,.,.,.,.,.,.,.,.,.,.,.,.,.,.,.,.,no_record,NaN,1,0,0,0,0,3,2,4,0,0,1,1,0,1,1,1,1,2,,1.47437E+12,1.47437E+12,1.47437E+12,1.47437E+12,1.47437E+12,1.47437E+12,1.47437E+12,1.47437E+12,1.47437E+12,1.47437E+12,1.47437E+12,1.47437E+12,1.47437E+12,1.47437E+12,1.47437E+12,1.47437E+12,1.47437E+12,1.47437E+12,1.47437E+12
1.47436E+12,no_record,,,,,,,,,2016,2016-09,20,12:42,GYEGCS,yes,yes,13,4,0,FALSE,1958,10,,,1,1,1,1,1,1,1,0,0,1,no_record,NaN,FALSE,1944,16,,,1,1,1,1,1,1,1,1,1,0,1,1,1,0,1,1,.,.,.,.,no_record,NaN,FALSE,1936,14,,,1,1,1,1,1,1,0,0,1,1,1,1,1,1,no_record,NaN,FALSE,1885,40,,,1,1,1,1,1,1,1,1,1,1,1,1,1,0,0,1,1,1,1,1,0,0,1,1,1,0,0,1,1,0,1,0,0,1,1,1,0,1,1,1,no_record,NaN,TRUE,1972,11,,,0,0,0,0,0,0,0,0,0,0,0,.,.,.,.,.,.,.,.,.,.,.,.,.,.,.,.,.,.,.,.,.,.,.,.,.,.,.,.,.,.,.,.,.,.,.,.,.,.,.,.,.,.,.,.,no_record,NaN,0,0,0,3,3,3,2,2,1,0,1,0,0,1,2,1,0,999,,1.47437E+12,1.47436E+12,1.47436E+12,1.47436E+12,1.47436E+12,1.47436E+12,1.47436E+12,1.47436E+12,1.47436E+12,1.47436E+12,1.47437E+12,1.47437E+12,1.47437E+12,1.47437E+12,1.47437E+12,1.47437E+12,1.47437E+12,1.47437E+12,1.47437E+12
1.47437E+12,no_record,8.480467,-12.3262553,10,92.68371798,...,287,0.032223247,1.47437E+12,2016,2016-09,20,13:02,BZYBKK,yes,yes,10,4,1,FALSE,1962,8,,,1,1,0,0,0,1,1,0,.,.,no_record,NaN,FALSE,1921,20,,,1,1,1,0,1,1,0,1,1,1,1,1,1,1,0,1,1,0,1,1,no_record,NaN,FALSE,1950,14,,,1,1,1,1,1,1,0,1,1,1,1,1,1,1,no_record,NaN,FALSE,1780,40,,,0,1,0,1,1,1,1,0,0,0,1,0,1,1,0,0,1,1,0,0,1,0,0,0,0,1,0,1,0,1,0,0,1,1,1,0,1,0,0,1,no_record,NaN,TRUE,1975,11,,,0,0,0,0,0,0,0,0,0,0,0,.,.,.,.,.,.,.,.,.,.,.,.,.,.,.,.,.,.,.,.,.,.,.,.,.,.,.,.,.,.,.,.,.,.,.,.,.,.,.,.,.,.,.,.,no_record,NaN,0,3,3,0,0,3,2,2,0,0,1,0,0,1,1,1,1,1,,1.47437E+12,1.47437E+12,1.47437E+12,1.47437E+12,1.47437E+12,1.47437E+12,1.47437E+12,1.47437E+12,1.47437E+12,1.47437E+12,1.47437E+12,1.47437E+12,1.47437E+12,1.47437E+12,1.47437E+12,1.47437E+12,1.47437E+12,1.47437E+12,1.47437E+12
1.47437E+12,no_record,,,,,,,,,2016,2016-09,20,13:24,KRRYRU,yes,yes,10,4,1,FALSE,1951,10,,,0,0,1,1,1,1,1,0,1,1,no_record,NaN,FALSE,1952,20,,,1,1,1,1,1,1,1,1,1,0,1,1,1,1,1,0,1,1,1,1,no_record,NaN,FALSE,1940,14,,,1,1,1,1,1,1,0,1,1,1,1,1,1,1,no_record,NaN,FALSE,1766,39,,,0,1,0,0,0,0,0,0,0,1,0,0,1,1,0,0,0,1,1,1,1,0,1,0,1,0,0,1,0,1,1,1,0,1,1,0,0,1,0,.,no_record,NaN,TRUE,1974,11,,,0,0,0,0,0,0,0,0,0,0,0,.,.,.,.,.,.,.,.,.,.,.,.,.,.,.,.,.,.,.,.,.,.,.,.,.,.,.,.,.,.,.,.,.,.,.,.,.,.,.,.,.,.,.,.,no_record,NaN,0,1,1,3,1,3,0,2,1,0,1,0,0,1,1,1,0,999,,1.47437E+12,1.47437E+12,1.47437E+12,1.47437E+12,1.47437E+12,1.47437E+12,1.47437E+12,1.47437E+12,1.47437E+12,1.47437E+12,1.47437E+12,1.47437E+12,1.47437E+12,1.47437E+12,1.47437E+12,1.47437E+12,1.47437E+12,1.47437E+12,1.47437E+12
1.47437E+12,no_record,8.4805597,-12.3263252,10,104.3696967,...,88,0.104230501,1.47437E+12,2016,2016-09,20,13:39,GBPUTG,yes,yes,10,4,1,FALSE,1951,10,,,0,1,1,0,0,0,1,1,0,0,no_record,NaN,FALSE,1909,20,,,1,1,1,1,1,1,1,1,1,1,1,1,1,1,1,1,1,1,1,0,no_record,NaN,FALSE,1945,14,,,1,1,1,1,1,1,0,1,0,0,0,1,1,1,no_record,NaN,FALSE,1796,39,,,0,0,0,0,1,0,1,1,0,1,0,1,0,1,1,1,0,1,0,0,0,0,0,0,0,0,0,1,0,0,0,1,0,0,1,1,0,0,1,.,no_record,NaN,TRUE,1976,11,,,0,0,0,0,0,0,0,0,0,0,0,.,.,.,.,.,.,.,.,.,.,.,.,.,.,.,.,.,.,.,.,.,.,.,.,.,.,.,.,.,.,.,.,.,.,.,.,.,.,.,.,.,.,.,.,no_record,NaN,0,3,0,0,3,0,2,0,0,0,1,0,0,1,2,2,0,999,,1.47437E+12,1.47437E+12,1.47437E+12,1.47437E+12,1.47437E+12,1.47437E+12,1.47437E+12,1.47437E+12,1.47437E+12,1.47437E+12,1.47437E+12,1.47437E+12,1.47437E+12,1.47437E+12,1.47437E+12,1.47437E+12,1.47437E+12,1.47437E+12,1.47437E+12
1.47437E+12,no_record,8.4806728,-12.3263804,10,75.47719067,...,317,0.023188742,1.47437E+12,2016,2016-09,20,13:59,QMYVGH,yes,yes,9,4,0,FALSE,1957,10,,,1,0,0,0,0,0,0,0,0,0,no_record,NaN,FALSE,1962,7,,,1,1,1,1,1,1,1,.,.,.,.,.,.,.,.,.,.,.,.,.,no_record,NaN,FALSE,1936,14,,,0,1,1,1,1,1,0,1,1,1,0,0,1,1,no_record,NaN,FALSE,1866,40,,,0,0,0,0,1,0,1,1,0,1,0,0,1,0,1,1,0,0,0,1,0,1,1,0,0,1,1,0,0,1,0,0,0,0,0,0,0,0,1,0,no_record,NaN,TRUE,1971,11,,,0,0,0,0,0,0,0,0,0,0,0,.,.,.,.,.,.,.,.,.,.,.,.,.,.,.,.,.,.,.,.,.,.,.,.,.,.,.,.,.,.,.,.,.,.,.,.,.,.,.,.,.,.,.,.,no_record,NaN,0,3,3,3,3,3,2,2,0,0,1,0,0,0,1,1,0,999,,1.47437E+12,1.47437E+12,1.47437E+12,1.47437E+12,1.47437E+12,1.47437E+12,1.47437E+12,1.47437E+12,1.47437E+12,1.47437E+12,1.47437E+12,1.47437E+12,1.47437E+12,1.47437E+12,1.47437E+12,1.47437E+12,1.47437E+12,1.47437E+12,1.47437E+12
1.47437E+12,no_record,,,,,,,,,2016,2016-09,20,14:18,VKKFWU,yes,yes,10,4,0,FALSE,1987,10,,,1,1,1,1,1,1,1,0,1,1,no_record,NaN,FALSE,1959,20,,,1,1,1,1,1,1,1,1,1,1,1,1,1,1,1,1,1,1,1,1,no_record,NaN,FALSE,1987,14,,,1,1,1,1,1,1,1,1,1,1,1,1,1,1,no_record,NaN,FALSE,1746,40,,,0,0,1,1,1,1,0,0,1,0,0,0,0,0,0,0,0,1,0,0,0,1,0,0,0,0,0,0,1,0,0,0,1,0,0,0,1,0,0,0,no_record,NaN,TRUE,1980,11,,,0,0,0,0,0,0,0,0,0,0,0,.,.,.,.,.,.,.,.,.,.,.,.,.,.,.,.,.,.,.,.,.,.,.,.,.,.,.,.,.,.,.,.,.,.,.,.,.,.,.,.,.,.,.,.,no_record,NaN,0,0,0,3,3,3,2,2,0,0,1,0,0,1,1,0,0,999,,1.47437E+12,1.47437E+12,1.47437E+12,1.47437E+12,1.47437E+12,1.47437E+12,1.47437E+12,1.47437E+12,1.47437E+12,1.47437E+12,1.47437E+12,1.47437E+12,1.47437E+12,1.47437E+12,1.47437E+12,1.47437E+12,1.47437E+12,1.47437E+12,1.47437E+12
1.47437E+12,no_record,,,,,,,,,2016,2016-09,20,14:50,EECBRX,yes,yes,9,4,1,FALSE,1943,10,,,0,0,0,1,0,1,0,0,0,0,no_record,NaN,FALSE,1866,19,,,0,1,0,0,0,1,1,1,0,0,0,0,1,0,0,1,1,1,0,.,no_record,NaN,FALSE,1940,12,,,1,1,1,1,1,0,1,1,1,1,0,1,.,.,no_record,NaN,FALSE,1909,37,,,0,0,0,1,1,0,1,1,0,1,1,1,1,1,1,1,1,1,1,1,1,0,0,0,0,1,0,1,0,1,0,0,0,1,1,0,0,.,.,.,no_record,NaN,TRUE,1972,11,,,0,0,0,0,0,0,0,0,0,0,0,.,.,.,.,.,.,.,.,.,.,.,.,.,.,.,.,.,.,.,.,.,.,.,.,.,.,.,.,.,.,.,.,.,.,.,.,.,.,.,.,.,.,.,.,no_record,NaN,0,0,3,0,0,0,2,0,0,0,1,0,0,2,1,1,0,999,,1.47437E+12,1.47437E+12,1.47437E+12,1.47437E+12,1.47437E+12,1.47437E+12,1.47437E+12,1.47437E+12,1.47437E+12,1.47437E+12,1.47437E+12,1.47437E+12,1.47437E+12,1.47437E+12,1.47437E+12,1.47437E+12,1.47437E+12,1.47437E+12,1.47437E+12
1.47437E+12,no_record,,,,,,,,,2016,2016-09,20,15:06,BHATWP,yes,yes,10,4,0,FALSE,1939,10,,,0,0,0,1,1,0,1,0,1,1,no_record,NaN,FALSE,1921,20,,,1,1,1,1,1,1,0,1,0,1,1,1,1,1,1,0,1,1,1,0,no_record,NaN,FALSE,1931,14,,,0,1,1,0,1,0,0,1,1,0,1,1,1,1,no_record,NaN,FALSE,1870,38,,,0,0,0,1,1,0,1,1,0,1,0,1,1,1,1,1,0,1,0,1,1,0,0,0,0,1,0,1,0,1,0,0,0,1,1,0,0,0,.,.,no_record,NaN,TRUE,1980,11,,,0,0,0,0,0,0,0,0,0,0,0,.,.,.,.,.,.,.,.,.,.,.,.,.,.,.,.,.,.,.,.,.,.,.,.,.,.,.,.,.,.,.,.,.,.,.,.,.,.,.,.,.,.,.,.,no_record,NaN,0,3,0,0,0,3,0,0,0,0,1,0,0,0,1,1,1,1,,1.47437E+12,1.47437E+12,1.47437E+12,1.47437E+12,1.47437E+12,1.47437E+12,1.47437E+12,1.47437E+12,1.47437E+12,1.47437E+12,1.47437E+12,1.47437E+12,1.47437E+12,1.47437E+12,1.47437E+12,1.47437E+12,1.47437E+12,1.47437E+12,1.47437E+12
1.47437E+12,no_record,8.4805453,-12.3263484,15,101.5078318,...,62,0.033785414,1.47437E+12,2016,2016-09,20,15:27,WHNPXY,yes,yes,10,4,0,FALSE,1964,10,,,1,1,1,0,1,1,1,0,0,1,no_record,NaN,FALSE,1973,20,,,1,1,1,1,1,1,1,1,1,1,1,1,1,1,1,1,1,1,1,1,no_record,NaN,FALSE,1955,14,,,1,1,1,1,1,1,1,1,0,0,1,1,1,1,no_record,NaN,FALSE,1867,40,,,0,1,1,1,0,1,1,0,1,1,1,1,1,1,1,1,1,1,0,1,0,0,0,1,0,1,1,1,1,1,1,1,1,1,1,1,1,1,0,1,no_record,NaN,TRUE,1975,11,,,0,0,0,0,0,0,0,0,0,0,0,.,.,.,.,.,.,.,.,.,.,.,.,.,.,.,.,.,.,.,.,.,.,.,.,.,.,.,.,.,.,.,.,.,.,.,.,.,.,.,.,.,.,.,.,no_record,NaN,0,0,3,0,0,3,2,0,0,0,1,0,0,2,1,2,0,999,,1.47438E+12,1.47437E+12,1.47437E+12,1.47437E+12,1.47437E+12,1.47437E+12,1.47437E+12,1.47437E+12,1.47437E+12,1.47437E+12,1.47437E+12,1.47437E+12,1.47437E+12,1.47438E+12,1.47438E+12,1.47438E+12,1.47438E+12,1.47438E+12,1.47438E+12
1.47438E+12,no_record,,,,,,,,,2016,2016-09,20,15:41,UPTSWK,yes,yes,13,4,0,FALSE,1957,10,,,1,1,0,0,0,1,1,1,1,1,no_record,NaN,FALSE,1973,20,,,1,1,1,1,1,1,1,1,1,1,1,1,1,1,1,1,1,1,1,1,no_record,NaN,FALSE,1947,14,,,1,1,1,0,1,0,0,0,1,1,0,1,1,0,no_record,NaN,FALSE,1838,40,,,0,1,1,1,0,0,1,0,1,1,0,1,0,1,0,1,1,1,0,0,0,0,0,1,0,0,0,1,0,1,1,0,1,0,1,1,1,1,0,0,no_record,NaN,TRUE,1974,11,,,0,0,0,0,0,0,0,0,0,0,0,.,.,.,.,.,.,.,.,.,.,.,.,.,.,.,.,.,.,.,.,.,.,.,.,.,.,.,.,.,.,.,.,.,.,.,.,.,.,.,.,.,.,.,.,no_record,NaN,0,0,0,1,0,1,2,4,2,0,1,1,0,0,1,2,0,999,,1.47438E+12,1.47438E+12,1.47438E+12,1.47438E+12,1.47438E+12,1.47438E+12,1.47438E+12,1.47438E+12,1.47438E+12,1.47438E+12,1.47438E+12,1.47438E+12,1.47438E+12,1.47438E+12,1.47438E+12,1.47438E+12,1.47438E+12,1.47438E+12,1.47438E+12
1.47438E+12,no_record,,,,,,,,,2016,2016-09,20,16:02,NTYTVQ,yes,yes,12,4,0,FALSE,1946,10,,,0,0,0,1,0,1,1,0,1,1,no_record,NaN,FALSE,1950,20,,,1,1,1,1,1,1,1,1,1,0,1,1,1,1,1,1,1,1,1,1,no_record,NaN,FALSE,1949,14,,,1,1,1,1,1,1,0,1,1,1,1,0,1,1,no_record,NaN,TRUE,1908,8,,,0,0,0,0,0,0,0,0,.,.,.,.,.,.,.,.,.,.,.,.,.,.,.,.,.,.,.,.,.,.,.,.,.,.,.,.,.,.,.,.,no_record,NaN,TRUE,1974,11,,,0,0,0,0,0,0,0,0,0,0,0,.,.,.,.,.,.,.,.,.,.,.,.,.,.,.,.,.,.,.,.,.,.,.,.,.,.,.,.,.,.,.,.,.,.,.,.,.,.,.,.,.,.,.,.,no_record,NaN,0,3,3,3,3,3,2,0,0,0,1,0,0,2,1,1,0,999,,1.47438E+12,1.47438E+12,1.47438E+12,1.47438E+12,1.47438E+12,1.47438E+12,1.47438E+12,1.47438E+12,1.47438E+12,1.47438E+12,1.47438E+12,1.47438E+12,1.47438E+12,1.47438E+12,1.47438E+12,1.47438E+12,1.47438E+12,1.47438E+12,1.47438E+12
1.47438E+12,no_record,,,,,,,,,2016,2016-09,20,16:16,QVECHQ,yes,yes,15,4,0,FALSE,1959,10,,,1,1,1,1,0,1,1,0,1,1,no_record,NaN,FALSE,1968,20,,,1,1,1,1,1,1,1,1,1,1,1,1,1,1,1,1,1,1,1,1,no_record,NaN,FALSE,1943,8,,,1,1,1,1,0,1,1,1,.,.,.,.,.,.,no_record,NaN,FALSE,1825,40,,,0,1,0,0,0,0,0,0,0,0,0,0,0,0,0,0,0,0,0,0,0,0,0,0,0,0,0,0,0,0,0,0,0,0,0,0,0,0,0,0,no_record,NaN,TRUE,1973,11,,,0,0,0,0,0,0,0,0,0,0,0,.,.,.,.,.,.,.,.,.,.,.,.,.,.,.,.,.,.,.,.,.,.,.,.,.,.,.,.,.,.,.,.,.,.,.,.,.,.,.,.,.,.,.,.,no_record,NaN,0,0,3,3,3,3,,,,,,,,,,,,,,,1.47438E+12,1.47438E+12,1.47438E+12,1.47438E+12,1.47438E+12,1.47438E+12,1.47438E+12,1.47438E+12,1.47438E+12,1.47438E+12,1.47438E+12,1.47438E+12,1.47438E+12,1.47438E+12,1.47438E+12,,,
1.47438E+12,no_record,,,,,,,,,2016,2016-09,20,16:31,QEVCXW,yes,yes,15,4,0,FALSE,1962,10,,,1,1,1,1,1,1,1,0,1,1,no_record,NaN,FALSE,1976,20,,,1,1,1,1,1,1,1,1,1,1,1,1,1,1,1,1,1,1,1,1,no_record,NaN,FALSE,1971,14,,,1,1,1,1,1,1,0,1,1,1,1,1,1,1,no_record,NaN,TRUE,1822,8,,,0,0,0,0,0,0,0,0,.,.,.,.,.,.,.,.,.,.,.,.,.,.,.,.,.,.,.,.,.,.,.,.,.,.,.,.,.,.,.,.,no_record,NaN,TRUE,1981,11,,,0,0,0,0,0,0,0,0,0,0,0,.,.,.,.,.,.,.,.,.,.,.,.,.,.,.,.,.,.,.,.,.,.,.,.,.,.,.,.,.,.,.,.,.,.,.,.,.,.,.,.,.,.,.,.,no_record,NaN,0,3,3,3,3,3,2,0,0,0,1,0,0,0,1,2,1,2,,1.47438E+12,1.47438E+12,1.47438E+12,1.47438E+12,1.47438E+12,1.47438E+12,1.47438E+12,1.47438E+12,1.47438E+12,1.47438E+12,1.47438E+12,1.47438E+12,1.47438E+12,1.47438E+12,1.47438E+12,1.47438E+12,1.47438E+12,1.47438E+12,1.47438E+12
1.47445E+12,no_record,,,,,,,,,2016,,21,11:12,TSFNHH,yes,yes,10,4,1,TRUE,1966,6,,,0,0,0,0,0,0,.,.,.,.,no_record,NaN,FALSE,1976,20,,,1,1,1,1,1,1,1,1,1,1,1,1,1,1,1,1,1,1,1,1,no_record,NaN,FALSE,1983,14,,,1,1,1,1,1,1,1,1,1,1,1,1,1,1,no_record,NaN,FALSE,1835,39,,,0,1,1,1,0,1,1,0,1,1,1,0,1,0,0,0,1,1,0,1,1,1,1,1,1,1,1,1,1,0,1,0,1,1,1,1,1,0,0,.,no_record,NaN,TRUE,1981,11,,,0,0,0,0,0,0,0,0,0,0,0,.,.,.,.,.,.,.,.,.,.,.,.,.,.,.,.,.,.,.,.,.,.,.,.,.,.,.,.,.,.,.,.,.,.,.,.,.,.,.,.,.,.,.,.,no_record,NaN,0,3,3,0,3,3,2,1,0,0,1,0,0,1,1,1,0,999,,1.47445E+12,1.47445E+12,1.47445E+12,1.47445E+12,1.47445E+12,1.47445E+12,1.47445E+12,1.47445E+12,1.47445E+12,1.47445E+12,1.47445E+12,1.47445E+12,1.47445E+12,1.47445E+12,1.47445E+12,1.47445E+12,1.47445E+12,1.47445E+12,1.47445E+12
1.47445E+12,no_record,,,,,,,,,2016,,21,11:24,URZNVG,yes,yes,10,4,0,FALSE,1916,10,,,0,1,1,0,1,1,1,1,0,1,no_record,NaN,FALSE,1960,20,,,1,1,1,1,1,1,1,1,1,1,1,1,1,1,1,1,1,1,1,1,no_record,NaN,FALSE,1952,14,,,1,1,1,1,1,1,1,1,1,1,1,1,1,1,no_record,NaN,TRUE,1989,8,,,0,0,0,0,0,0,0,0,.,.,.,.,.,.,.,.,.,.,.,.,.,.,.,.,.,.,.,.,.,.,.,.,.,.,.,.,.,.,.,.,no_record,NaN,FALSE,1894,55,,,1,1,0,1,1,1,1,1,1,1,0,1,0,0,1,0,0,1,0,0,0,0,0,0,0,0,0,0,0,0,0,0,0,0,0,0,1,1,0,1,1,0,0,1,0,1,0,1,0,0,1,0,0,0,0,no_record,NaN,1,0,3,0,0,0,2,3,0,0,1,0,0,1,1,1,1,5,,1.47445E+12,1.47445E+12,1.47445E+12,1.47445E+12,1.47445E+12,1.47445E+12,1.47445E+12,1.47445E+12,1.47445E+12,1.47445E+12,1.47445E+12,1.47445E+12,1.47445E+12,1.47445E+12,1.47445E+12,1.47445E+12,1.47445E+12,1.47445E+12,1.47445E+12
1.47445E+12,no_record,,,,,,,,,2016,,21,11:35,FYFQMT,yes,yes,9,4,0,TRUE,1969,6,,,0,0,0,0,0,0,.,.,.,.,no_record,NaN,FALSE,1964,20,,,1,1,1,1,1,1,1,1,1,1,1,1,1,1,1,1,1,1,1,1,no_record,NaN,FALSE,1966,14,,,1,1,1,1,1,1,1,1,1,1,1,1,1,1,no_record,NaN,FALSE,1942,40,,,1,1,1,1,1,1,1,1,1,0,0,0,0,0,0,0,1,0,0,0,0,0,0,0,0,1,0,0,1,0,0,1,0,0,0,0,0,0,0,1,no_record,NaN,FALSE,1876,55,,,1,1,1,1,0,1,1,1,1,1,0,1,0,0,1,0,0,1,1,0,1,1,1,1,1,1,1,1,1,0,1,1,0,1,1,1,1,1,0,1,1,1,0,0,0,0,0,0,0,0,0,0,0,0,0,no_record,NaN,1,1,1,0,0,0,2,0,2,0,1,1,0,1,1,1,0,999,,1.47445E+12,1.47445E+12,1.47445E+12,1.47445E+12,1.47445E+12,1.47445E+12,1.47445E+12,1.47445E+12,1.47445E+12,1.47445E+12,1.47445E+12,1.47445E+12,1.47445E+12,1.47445E+12,1.47445E+12,1.47445E+12,1.47445E+12,1.47445E+12,1.47445E+12
1.47445E+12,no_record,,,,,,,,,2016,,21,11:49,RMWUZS,yes,yes,11,4,0,FALSE,1935,10,,,1,1,1,1,1,1,1,1,1,1,no_record,NaN,FALSE,1967,20,,,1,1,1,1,1,1,1,1,1,1,1,1,1,1,1,1,1,1,1,1,no_record,NaN,FALSE,1966,14,,,1,1,1,1,1,1,1,1,1,1,1,1,1,1,no_record,NaN,FALSE,1931,40,,,1,1,1,1,0,1,1,1,1,1,1,0,1,0,0,1,1,1,1,1,1,0,1,1,1,1,1,1,1,1,1,1,1,1,1,1,1,1,0,1,no_record,NaN,FALSE,1927,55,,,1,1,1,1,1,1,1,1,1,1,1,1,1,1,1,1,1,1,1,1,1,1,1,1,1,1,1,1,1,1,1,1,1,1,1,0,1,1,0,1,1,0,0,1,0,1,1,1,1,1,1,1,1,1,1,no_record,NaN,1,3,1,3,3,3,2,5,2,0,1,0,0,1,1,1,3,999,,1.47446E+12,1.47445E+12,1.47445E+12,1.47445E+12,1.47445E+12,1.47445E+12,1.47445E+12,1.47445E+12,1.47446E+12,1.47446E+12,1.47446E+12,1.47446E+12,1.47446E+12,1.47446E+12,1.47446E+12,1.47446E+12,1.47446E+12,1.47446E+12,1.47446E+12
1.47454E+12,no_record,,,,,,,,,2016,9,22,10:43,NSNEPR,yes,yes,12,4,1,FALSE,1964,10,,,1,1,1,1,1,1,1,1,1,1,no_record,NaN,FALSE,1976,20,,,1,1,1,1,1,1,1,1,1,1,1,1,1,1,1,1,1,1,1,1,no_record,NaN,FALSE,1971,14,,,1,1,1,1,1,1,1,1,1,1,1,1,1,1,no_record,NaN,FALSE,1798,40,,,0,1,1,1,0,1,0,0,1,1,1,0,1,1,0,0,1,1,0,0,1,0,1,1,0,1,1,1,1,1,1,0,1,1,1,1,1,1,0,1,no_record,NaN,FALSE,1751,55,,,1,1,0,1,0,1,1,1,1,1,0,1,0,0,1,0,0,1,1,0,0,0,1,1,1,1,1,1,1,1,0,0,0,1,1,0,1,1,1,1,1,0,1,1,1,1,0,1,0,1,1,1,1,1,1,no_record,NaN,1,0,0,0,0,0,2,2,1,0,1,0,0,1,1,1,1,2,,1.47454E+12,1.47454E+12,1.47454E+12,1.47454E+12,1.47454E+12,1.47454E+12,1.47454E+12,1.47454E+12,1.47454E+12,1.47454E+12,1.47454E+12,1.47454E+12,1.47454E+12,1.47454E+12,1.47454E+12,1.47454E+12,1.47454E+12,1.47454E+12,1.47454E+12
1.47454E+12,no_record,,,,,,,,,2016,9,22,10:58,VKKYPG,yes,yes,10,4,0,FALSE,1962,10,,,0,1,1,0,0,0,1,1,1,1,no_record,NaN,FALSE,1975,20,,,1,1,1,1,1,1,1,1,1,1,1,1,1,1,1,1,1,1,1,1,no_record,NaN,FALSE,1980,14,,,1,1,1,1,1,1,1,1,1,1,1,1,1,1,no_record,NaN,FALSE,1901,40,,,1,1,1,1,1,1,1,0,1,1,1,0,1,0,1,1,1,1,0,1,1,0,1,1,1,1,1,1,1,0,1,1,1,1,1,1,1,1,1,1,no_record,NaN,FALSE,1807,55,,,1,1,1,1,0,1,1,1,1,1,1,1,0,0,1,0,0,1,1,0,0,0,1,0,1,0,1,1,1,1,1,1,0,1,1,0,1,1,0,1,1,0,0,1,0,1,1,1,0,1,1,1,0,1,1,no_record,NaN,1,0,0,0,0,0,2,4,2,0,1,0,0,1,1,1,1,1,,1.47454E+12,1.47454E+12,1.47454E+12,1.47454E+12,1.47454E+12,1.47454E+12,1.47454E+12,1.47454E+12,1.47454E+12,1.47454E+12,1.47454E+12,1.47454E+12,1.47454E+12,1.47454E+12,1.47454E+12,1.47454E+12,1.47454E+12,1.47454E+12,1.47454E+12
1.47445E+12,no_record,,,,,,,,,2016,,21,10:11,MQQVXR,yes,yes,10,4,1,TRUE,1970,6,,,0,0,0,0,0,0,.,.,.,.,no_record,NaN,FALSE,1958,20,,,1,1,1,1,1,1,1,1,1,0,0,1,1,1,1,1,1,1,1,1,no_record,NaN,FALSE,1954,14,,,1,1,1,1,1,1,1,1,1,0,1,1,0,1,no_record,NaN,TRUE,1934,8,,,0,0,0,0,0,0,0,0,.,.,.,.,.,.,.,.,.,.,.,.,.,.,.,.,.,.,.,.,.,.,.,.,.,.,.,.,.,.,.,.,no_record,NaN,TRUE,1964,11,,,0,0,0,0,0,0,0,0,0,0,0,.,.,.,.,.,.,.,.,.,.,.,.,.,.,.,.,.,.,.,.,.,.,.,.,.,.,.,.,.,.,.,.,.,.,.,.,.,.,.,.,.,.,.,.,no_record,NaN,0,3,3,3,3,3,2,0,0,0,1,0,0,0,2,2,0,999,,1.47445E+12,1.47445E+12,1.47445E+12,1.47445E+12,1.47445E+12,1.47445E+12,1.47445E+12,1.47445E+12,1.47445E+12,1.47445E+12,1.47445E+12,1.47445E+12,1.47445E+12,1.47445E+12,1.47445E+12,1.47445E+12,1.47445E+12,1.47445E+12,1.47445E+12
1.47445E+12,no_record,,,,,,,,,2016,,21,10:24,KHEQBA,yes,yes,10,4,0,FALSE,1974,10,,,1,1,1,1,1,1,1,0,1,1,no_record,NaN,FALSE,1976,20,,,1,1,1,1,1,1,1,1,1,1,1,1,1,1,1,1,1,1,1,1,no_record,NaN,FALSE,1972,14,,,1,1,1,1,1,1,1,1,1,1,1,1,1,1,no_record,NaN,FALSE,1933,40,,,1,1,1,1,0,1,1,1,1,1,1,1,1,1,1,1,1,1,1,1,1,1,1,1,1,1,1,1,1,1,1,1,1,1,1,1,1,1,0,1,no_record,NaN,FALSE,1912,55,,,1,1,1,0,1,1,1,1,0,1,0,1,1,1,1,1,1,1,1,0,1,0,1,1,1,1,1,1,1,1,1,1,1,1,1,0,1,1,1,1,1,1,1,1,1,1,1,1,1,1,1,1,1,1,1,no_record,NaN,1,0,0,1,3,3,2,5,2,0,0,1,0,0,2,2,0,999,,1.47445E+12,1.47445E+12,1.47445E+12,1.47445E+12,1.47445E+12,1.47445E+12,1.47445E+12,1.47445E+12,1.47445E+12,1.47445E+12,1.47445E+12,1.47445E+12,1.47445E+12,1.47445E+12,1.47445E+12,1.47445E+12,1.47445E+12,1.47445E+12,1.47445E+12
1.47445E+12,no_record,,,,,,,,,2016,,21,10:36,TWCRTU,yes,yes,10,4,0,FALSE,1972,10,,,1,1,1,1,1,1,1,1,1,1,no_record,NaN,FALSE,1977,20,,,1,1,1,1,1,1,1,1,1,1,1,1,1,1,1,1,1,1,1,1,no_record,NaN,FALSE,1973,14,,,1,1,1,1,1,1,1,1,1,1,1,1,1,1,no_record,NaN,FALSE,1960,40,,,1,1,1,1,0,1,1,1,1,1,1,1,1,1,1,1,1,1,1,1,1,1,1,1,1,1,1,1,1,1,1,1,1,1,1,1,1,1,1,1,no_record,NaN,FALSE,1965,55,,,1,1,1,1,1,1,1,1,1,1,1,1,1,1,1,1,1,1,1,1,1,1,1,1,1,1,1,1,1,1,1,1,1,1,1,1,1,1,1,1,1,1,1,1,1,1,1,1,1,1,1,1,1,1,1,no_record,NaN,1,0,0,1,0,3,2,5,2,0,1,0,0,0,2,2,1,1,,1.47445E+12,1.47445E+12,1.47445E+12,1.47445E+12,1.47445E+12,1.47445E+12,1.47445E+12,1.47445E+12,1.47445E+12,1.47445E+12,1.47445E+12,1.47445E+12,1.47445E+12,1.47445E+12,1.47445E+12,1.47445E+12,1.47445E+12,1.47445E+12,1.47445E+12
1.47445E+12,no_record,8.4245735,-12.1607479,10,86.42544817,...,43,0.003553136,1.47445E+12,2016,,21,10:48,FNRSHN,yes,yes,9,4,0,FALSE,1958,10,,,1,1,1,0,0,0,1,0,1,1,no_record,NaN,FALSE,1945,20,,,1,1,1,1,1,1,0,1,1,1,1,1,1,0,1,0,1,1,1,1,no_record,NaN,FALSE,1954,14,,,0,0,1,1,1,1,1,0,0,1,1,1,0,1,no_record,NaN,FALSE,1809,40,,,0,1,0,1,1,0,1,0,1,1,1,0,1,0,0,1,1,0,0,1,0,0,0,1,0,1,1,0,0,0,1,0,1,1,1,0,1,0,0,1,no_record,NaN,FALSE,1712,55,,,0,0,0,1,0,1,0,1,0,1,1,0,0,0,0,1,0,1,1,0,0,0,1,0,1,1,0,0,0,0,0,0,0,1,1,0,0,0,0,0,0,0,0,0,0,1,1,0,0,1,1,1,0,1,0,no_record,NaN,0,3,3,0,0,0,2,1,1,0,1,0,0,0,2,2,1,1,,1.47445E+12,1.47445E+12,1.47445E+12,1.47445E+12,1.47445E+12,1.47445E+12,1.47445E+12,1.47445E+12,1.47445E+12,1.47445E+12,1.47445E+12,1.47445E+12,1.47445E+12,1.47445E+12,1.47445E+12,1.47445E+12,1.47445E+12,1.47445E+12,1.47445E+12
1.47454E+12,no_record,,,,,,,,,2016,2016-09,22,12:45,BTGESF,yes,yes,8,4,1,FALSE,1962,10,,,1,1,0,0,1,1,1,0,0,1,no_record,NaN,FALSE,1950,20,,,1,1,1,1,1,1,1,1,1,1,1,1,1,1,1,1,1,1,1,1,no_record,NaN,FALSE,1955,14,,,1,1,1,1,1,1,1,0,1,1,1,0,0,0,no_record,NaN,FALSE,1802,40,,,0,0,0,0,0,1,0,0,0,0,0,0,0,0,0,0,1,0,0,0,0,0,1,0,0,1,0,0,0,0,1,0,1,0,0,1,1,0,0,0,no_record,NaN,TRUE,1977,11,,,0,0,0,0,0,0,0,0,0,0,0,.,.,.,.,.,.,.,.,.,.,.,.,.,.,.,.,.,.,.,.,.,.,.,.,.,.,.,.,.,.,.,.,.,.,.,.,.,.,.,.,.,.,.,.,no_record,NaN,1,1,1,1,3,3,2,0,0,0,1,0,0,1,1,1,0,999,,1.47454E+12,1.47454E+12,1.47454E+12,1.47454E+12,1.47454E+12,1.47454E+12,1.47454E+12,1.47454E+12,1.47454E+12,1.47454E+12,1.47454E+12,1.47454E+12,1.47454E+12,1.47454E+12,1.47454E+12,1.47454E+12,1.47454E+12,1.47454E+12,1.47454E+12
1.47454E+12,no_record,,,,,,,,,2016,2016-09,22,13:02,SPASQF,yes,yes,11,4,1,FALSE,1964,10,,,0,1,1,0,1,0,1,1,1,1,no_record,NaN,FALSE,1978,20,,,1,1,1,0,1,1,1,1,0,1,1,1,1,1,1,0,1,1,1,1,no_record,NaN,FALSE,1952,14,,,1,1,1,1,1,1,1,1,1,1,1,1,1,1,no_record,NaN,FALSE,1875,40,,,0,1,0,1,0,0,1,1,1,1,1,1,1,0,0,1,1,1,1,1,1,0,1,1,1,1,1,1,1,1,1,1,1,1,1,1,1,1,1,1,no_record,NaN,FALSE,1886,55,,,1,1,1,1,0,1,1,1,1,1,1,1,0,1,1,1,0,1,1,0,1,0,0,0,1,0,0,0,1,1,1,0,1,1,1,0,1,1,1,1,1,0,1,1,0,1,1,1,0,1,1,1,1,1,1,no_record,NaN,1,1,3,1,0,3,2,4,1,0,1,0,0,1,0,2,1,1,,1.47454E+12,1.47454E+12,1.47454E+12,1.47454E+12,1.47454E+12,1.47454E+12,1.47454E+12,1.47454E+12,1.47454E+12,1.47454E+12,1.47454E+12,1.47454E+12,1.47454E+12,1.47454E+12,1.47454E+12,1.47454E+12,1.47454E+12,1.47454E+12,1.47454E+12
1.47454E+12,no_record,,,,,,,,,2016,2016-09,22,13:19,GYZPVZ,yes,yes,10,4,1,FALSE,1957,10,,,0,0,0,0,1,1,1,0,1,0,no_record,NaN,FALSE,1955,20,,,1,1,0,0,1,1,1,0,1,1,1,1,1,1,1,0,1,1,1,1,no_record,NaN,FALSE,1960,14,,,1,1,1,1,1,1,1,1,1,1,1,1,1,1,no_record,NaN,TRUE,1963,8,,,0,0,0,0,0,0,0,0,.,.,.,.,.,.,.,.,.,.,.,.,.,.,.,.,.,.,.,.,.,.,.,.,.,.,.,.,.,.,.,.,no_record,NaN,TRUE,1976,11,,,0,0,0,0,0,0,0,0,0,0,0,.,.,.,.,.,.,.,.,.,.,.,.,.,.,.,.,.,.,.,.,.,.,.,.,.,.,.,.,.,.,.,.,.,.,.,.,.,.,.,.,.,.,.,.,no_record,NaN,0,0,0,0,0,3,2,2,0,0,1,0,0,0,1,1,1,4,,1.47454E+12,1.47454E+12,1.47454E+12,1.47454E+12,1.47454E+12,1.47454E+12,1.47454E+12,1.47454E+12,1.47454E+12,1.47454E+12,1.47454E+12,1.47454E+12,1.47454E+12,1.47454E+12,1.47454E+12,1.47454E+12,1.47454E+12,1.47454E+12,1.47454E+12
1.47454E+12,no_record,,,,,,,,,2016,2016-09,22,13:32,PTNTXN,yes,yes,11,4,1,FALSE,1967,10,,,1,1,1,1,1,1,1,0,1,1,no_record,NaN,FALSE,1977,20,,,0,1,1,1,1,1,1,1,1,1,1,1,1,1,1,1,1,1,1,1,no_record,NaN,FALSE,1961,14,,,1,1,1,1,1,1,1,1,1,1,1,1,1,1,no_record,NaN,FALSE,1814,40,,,0,1,0,1,1,1,1,1,1,1,1,0,1,0,0,0,1,1,1,1,1,0,1,0,1,1,1,0,1,0,1,1,1,1,1,0,0,1,1,1,no_record,NaN,FALSE,1914,55,,,1,1,1,0,0,1,1,1,0,1,0,1,0,0,1,1,0,1,1,1,0,0,1,0,1,1,1,1,1,1,1,1,1,1,1,0,1,1,0,1,1,0,1,0,0,1,1,1,0,1,1,1,1,1,1,no_record,NaN,1,1,1,1,0,1,2,3,1,0,1,0,0,1,0,2,1,1,,1.47454E+12,1.47454E+12,1.47454E+12,1.47454E+12,1.47454E+12,1.47454E+12,1.47454E+12,1.47454E+12,1.47454E+12,1.47454E+12,1.47454E+12,1.47454E+12,1.47454E+12,1.47454E+12,1.47454E+12,1.47454E+12,1.47454E+12,1.47454E+12,1.47454E+12
1.47454E+12,no_record,,,,,,,,,2016,2016-09,22,13:47,EXNUPB,yes,yes,10,4,0,FALSE,1951,10,,,0,0,1,1,0,1,0,0,0,1,no_record,NaN,FALSE,1962,20,,,1,1,1,1,1,1,1,1,1,1,1,1,1,1,1,1,1,1,1,1,no_record,NaN,FALSE,1947,14,,,1,1,0,1,1,0,1,1,1,1,0,0,1,0,no_record,NaN,FALSE,1785,40,,,0,1,1,1,0,0,1,1,1,0,1,1,1,0,0,0,1,0,0,0,0,0,1,0,0,1,1,0,1,0,1,0,1,0,0,0,1,1,0,1,no_record,NaN,FALSE,1892,55,,,1,0,0,0,0,0,1,1,0,1,0,1,0,0,1,1,0,1,0,0,1,0,0,0,0,0,1,0,0,1,0,0,0,0,0,0,1,0,0,1,0,0,0,0,0,1,0,1,0,1,1,1,0,0,0,no_record,NaN,1,0,0,0,0,3,2,4,1,0,1,0,0,1,0,1,1,1,,1.47454E+12,1.47454E+12,1.47454E+12,1.47454E+12,1.47454E+12,1.47454E+12,1.47454E+12,1.47454E+12,1.47454E+12,1.47454E+12,1.47454E+12,1.47454E+12,1.47454E+12,1.47454E+12,1.47454E+12,1.47454E+12,1.47454E+12,1.47454E+12,1.47454E+12
1.47454E+12,no_record,,,,,,,,,2016,2016-09,22,14:03,ZAUZKK,yes,yes,12,4,0,FALSE,1969,10,,,1,1,1,1,1,1,1,1,1,1,no_record,NaN,FALSE,1965,20,,,1,1,1,1,1,1,1,1,1,1,1,1,1,1,1,1,1,1,1,1,no_record,NaN,FALSE,1965,14,,,1,1,1,1,1,1,1,1,1,1,1,1,1,1,no_record,NaN,FALSE,1773,40,,,0,1,1,1,0,1,0,1,0,1,0,0,1,0,1,0,1,1,1,1,0,0,1,0,0,1,1,0,0,0,1,0,1,0,1,0,1,1,0,0,no_record,NaN,FALSE,1876,55,,,1,0,1,1,0,1,1,1,0,1,0,0,0,0,1,0,1,1,1,0,1,0,0,0,1,0,1,1,1,0,0,0,0,0,1,0,1,0,0,1,0,0,0,0,0,0,0,0,0,1,0,1,0,0,0,no_record,NaN,1,0,3,1,3,3,2,4,1,0,1,0,0,1,2,2,0,999,,1.47454E+12,1.47454E+12,1.47454E+12,1.47454E+12,1.47454E+12,1.47454E+12,1.47454E+12,1.47454E+12,1.47454E+12,1.47454E+12,1.47454E+12,1.47454E+12,1.47454E+12,1.47454E+12,1.47454E+12,1.47454E+12,1.47454E+12,1.47454E+12,1.47454E+12
1.47453E+12,no_record,,,,,,,,,2016,2016-09,22,10:50,RNTCGY,yes,yes,9,4,0,FALSE,1938,10,,,1,1,1,0,0,0,0,0,0,0,no_record,NaN,FALSE,1917,20,,,1,0,1,1,1,1,1,1,0,1,1,1,1,1,1,0,1,1,1,1,no_record,NaN,FALSE,1945,14,,,1,1,1,1,1,1,0,0,0,1,1,0,1,1,no_record,NaN,FALSE,1936,40,,,0,0,0,1,0,0,0,0,1,0,0,0,0,0,0,0,0,0,0,0,0,0,0,0,0,0,0,0,0,0,0,0,0,0,1,0,1,0,0,0,no_record,NaN,TRUE,1968,11,,,0,0,0,0,0,0,0,0,0,0,0,.,.,.,.,.,.,.,.,.,.,.,.,.,.,.,.,.,.,.,.,.,.,.,.,.,.,.,.,.,.,.,.,.,.,.,.,.,.,.,.,.,.,.,.,no_record,NaN,0,0,0,0,0,3,2,0,0,0,1,1,0,1,1,1,1,2,,1.47454E+12,1.47453E+12,1.47453E+12,1.47453E+12,1.47453E+12,1.47453E+12,1.47453E+12,1.47453E+12,1.47453E+12,1.47453E+12,1.47453E+12,1.47453E+12,1.47453E+12,1.47453E+12,1.47454E+12,1.47454E+12,1.47454E+12,1.47454E+12,1.47454E+12
1.47454E+12,no_record,,,,,,,,,2016,2016-09,22,11:06,ZUTVUM,yes,yes,10,4,0,FALSE,1973,10,,,1,1,1,1,1,1,1,1,1,1,no_record,NaN,FALSE,1978,20,,,1,1,1,1,1,1,1,1,1,1,1,1,1,1,1,1,1,1,1,1,no_record,NaN,FALSE,1982,14,,,1,1,1,1,1,1,1,1,1,1,1,1,1,1,no_record,NaN,FALSE,1885,40,,,1,1,1,1,0,1,1,0,1,1,1,1,1,1,1,1,1,1,1,1,1,1,1,1,1,1,1,1,1,1,1,1,1,1,1,1,1,1,1,1,no_record,NaN,FALSE,1910,55,,,1,1,1,1,1,1,1,1,1,1,1,1,1,1,1,1,1,1,1,1,1,0,1,1,1,1,1,1,1,1,1,1,1,1,1,0,1,1,1,1,1,0,1,0,1,1,1,1,1,1,1,1,1,1,1,no_record,NaN,1,1,0,0,1,0,2,4,1,0,1,1,0,1,1,1,1,2,,1.47454E+12,1.47454E+12,1.47454E+12,1.47454E+12,1.47454E+12,1.47454E+12,1.47454E+12,1.47454E+12,1.47454E+12,1.47454E+12,1.47454E+12,1.47454E+12,1.47454E+12,1.47454E+12,1.47454E+12,1.47454E+12,1.47454E+12,1.47454E+12,1.47454E+12
1.47454E+12,no_record,8.4692404,-12.4749278,10,80.81042418,...,202,0.174245596,1.47454E+12,2016,,22,11:05,YRHMXW,yes,yes,12,4,0,FALSE,1953,10,,,1,1,1,1,1,1,1,1,1,1,no_record,NaN,FALSE,1981,20,,,1,1,1,1,1,1,1,1,1,1,1,1,1,1,1,1,1,1,1,1,no_record,NaN,FALSE,1984,14,,,1,1,1,1,1,1,1,1,1,1,1,1,1,1,no_record,NaN,FALSE,1850,40,,,0,1,1,1,1,1,1,0,1,1,1,1,1,1,0,1,1,1,0,1,1,1,1,1,1,1,1,1,1,0,1,1,1,1,1,1,1,1,0,1,no_record,NaN,FALSE,1846,55,,,1,1,1,1,0,1,1,1,1,1,1,1,1,1,1,0,0,1,1,0,0,0,0,0,0,0,1,1,1,1,1,1,1,1,1,0,1,1,0,1,1,0,0,0,0,1,1,1,1,1,1,1,0,1,1,no_record,NaN,1,1,1,1,1,0,2,4,1,0,1,0,0,1,1,1,0,999,,1.47454E+12,1.47454E+12,1.47454E+12,1.47454E+12,1.47454E+12,1.47454E+12,1.47454E+12,1.47454E+12,1.47454E+12,1.47454E+12,1.47454E+12,1.47454E+12,1.47454E+12,1.47454E+12,1.47454E+12,1.47454E+12,1.47454E+12,1.47454E+12,1.47454E+12
1.47445E+12,no_record,,,,,,,,,2016,9,21,10:14,CQHEMC,yes,yes,12,4,1,FALSE,1934,10,,,0,1,0,0,1,0,0,0,0,1,no_record,NaN,FALSE,1931,20,,,1,0,1,1,0,0,1,0,1,0,0,1,0,1,0,0,0,0,0,1,no_record,NaN,TRUE,1954,6,,,0,0,0,0,0,0,.,.,.,.,.,.,.,.,no_record,NaN,TRUE,1977,8,,,0,0,0,0,0,0,0,0,.,.,.,.,.,.,.,.,.,.,.,.,.,.,.,.,.,.,.,.,.,.,.,.,.,.,.,.,.,.,.,.,no_record,NaN,TRUE,1958,11,,,0,0,0,0,0,0,0,0,0,0,0,.,.,.,.,.,.,.,.,.,.,.,.,.,.,.,.,.,.,.,.,.,.,.,.,.,.,.,.,.,.,.,.,.,.,.,.,.,.,.,.,.,.,.,.,no_record,NaN,0,0,0,0,0,0,1,0,0,0,1,0,0,1,1,1,1,2,,1.47445E+12,1.47445E+12,1.47445E+12,1.47445E+12,1.47445E+12,1.47445E+12,1.47445E+12,1.47445E+12,1.47445E+12,1.47445E+12,1.47445E+12,1.47445E+12,1.47445E+12,1.47445E+12,1.47445E+12,1.47445E+12,1.47445E+12,1.47445E+12,1.47445E+12
1.47445E+12,no_record,,,,,,,,,2016,9,21,10:25,MEQSQY,yes,yes,10,4,1,FALSE,1945,10,,,1,1,1,0,0,0,0,1,0,1,no_record,NaN,FALSE,1960,20,,,0,0,1,1,0,0,0,0,0,0,0,0,0,0,0,0,1,1,1,1,no_record,NaN,TRUE,1963,6,,,0,0,0,0,0,0,.,.,.,.,.,.,.,.,no_record,NaN,FALSE,1955,40,,,1,0,1,1,0,0,1,0,0,0,0,0,0,0,0,0,0,0,0,0,0,0,0,0,0,0,0,0,0,0,0,0,1,0,0,0,0,0,0,0,no_record,NaN,TRUE,1964,11,,,0,0,0,0,0,0,0,0,0,0,0,.,.,.,.,.,.,.,.,.,.,.,.,.,.,.,.,.,.,.,.,.,.,.,.,.,.,.,.,.,.,.,.,.,.,.,.,.,.,.,.,.,.,.,.,no_record,NaN,0,3,3,3,3,3,2,0,0,0,1,0,0,1,1,1,0,999,,1.47445E+12,1.47445E+12,1.47445E+12,1.47445E+12,1.47445E+12,1.47445E+12,1.47445E+12,1.47445E+12,1.47445E+12,1.47445E+12,1.47445E+12,1.47445E+12,1.47445E+12,1.47445E+12,1.47445E+12,1.47445E+12,1.47445E+12,1.47445E+12,1.47445E+12
1.47445E+12,no_record,8.424339426,-12.16060158,12,134.1486091,...,...,0,1.47445E+12,2016,9,21,10:33,XVHKCU,yes,yes,9,4,0,FALSE,1952,10,,,0,1,1,1,1,1,1,1,1,1,no_record,NaN,FALSE,1973,20,,,1,1,1,1,1,1,1,1,1,1,1,1,1,1,1,1,1,1,1,1,no_record,NaN,FALSE,1980,14,,,1,1,1,1,1,1,1,1,1,1,1,1,1,0,no_record,NaN,FALSE,1848,40,,,1,1,1,1,1,1,1,1,1,1,1,0,1,1,1,1,1,0,1,1,1,1,1,1,1,1,1,1,1,1,1,1,1,1,1,1,1,0,0,1,no_record,NaN,FALSE,1734,55,,,1,1,0,1,0,1,1,1,1,1,1,1,0,1,1,0,1,1,1,0,1,0,0,0,1,0,1,1,1,1,0,1,0,0,1,0,1,1,0,1,1,0,0,1,0,1,1,1,0,1,1,1,0,1,1,no_record,NaN,1,3,0,0,0,0,2,3,0,0,1,0,0,1,1,1,1,2,,1.47445E+12,1.47445E+12,1.47445E+12,1.47445E+12,1.47445E+12,1.47445E+12,1.47445E+12,1.47445E+12,1.47445E+12,1.47445E+12,1.47445E+12,1.47445E+12,1.47445E+12,1.47445E+12,1.47445E+12,1.47445E+12,1.47445E+12,1.47445E+12,1.47445E+12
1.47445E+12,no_record,8.424343628,-12.16083846,8,32.68271315,...,...,0,1.47445E+12,2016,9,21,10:50,APGYZP,yes,yes,9,4,0,FALSE,1956,10,,,1,1,1,0,1,1,1,0,0,1,no_record,NaN,FALSE,1962,20,,,1,1,1,1,1,1,1,1,1,1,1,1,1,1,1,1,1,1,1,1,no_record,NaN,FALSE,1972,14,,,1,1,1,1,1,1,1,1,1,1,1,1,1,1,no_record,NaN,FALSE,1769,40,,,1,1,1,1,0,1,1,0,1,1,1,0,1,0,0,1,1,1,0,0,1,1,0,1,1,1,1,1,1,0,1,1,1,1,1,1,1,1,0,1,no_record,NaN,FALSE,1910,55,,,1,0,0,0,0,1,1,1,0,1,0,1,0,0,1,0,0,1,0,1,0,0,1,1,0,0,1,1,1,0,0,0,0,1,1,0,1,0,0,1,1,0,0,0,0,1,1,1,0,1,1,1,0,0,1,no_record,NaN,1,0,0,0,0,0,2,3,0,0,1,0,0,1,1,1,1,2,,1.47446E+12,1.47446E+12,1.47446E+12,1.47446E+12,1.47446E+12,1.47446E+12,1.47446E+12,1.47446E+12,1.47446E+12,1.47446E+12,1.47446E+12,1.47446E+12,1.47446E+12,1.47446E+12,1.47446E+12,1.47446E+12,1.47446E+12,1.47446E+12,1.47446E+12
1.47454E+12,no_record,8.469303378,-12.47488821,8,86.76769299,...,...,0,1.47454E+12,2016,9,22,09:47,CWKEQV,yes,yes,11,4,1,TRUE,1950,6,,,0,0,0,0,0,0,.,.,.,.,no_record,NaN,FALSE,1921,20,,,1,1,1,1,1,1,1,1,0,0,1,1,1,1,1,0,1,1,1,1,no_record,NaN,FALSE,1908,14,,,1,1,1,0,1,1,0,1,0,0,0,0,1,1,no_record,NaN,TRUE,1947,8,,,0,0,0,0,0,0,0,0,.,.,.,.,.,.,.,.,.,.,.,.,.,.,.,.,.,.,.,.,.,.,.,.,.,.,.,.,.,.,.,.,no_record,NaN,TRUE,1952,11,,,0,0,0,0,0,0,0,0,0,0,0,.,.,.,.,.,.,.,.,.,.,.,.,.,.,.,.,.,.,.,.,.,.,.,.,.,.,.,.,.,.,.,.,.,.,.,.,.,.,.,.,.,.,.,.,no_record,NaN,1,3,0,0,3,0,2,0,1,0,1,0,0,1,2,1,0,999,,1.47454E+12,1.47454E+12,1.47454E+12,1.47454E+12,1.47454E+12,1.47454E+12,1.47454E+12,1.47454E+12,1.47454E+12,1.47454E+12,1.47454E+12,1.47454E+12,1.47454E+12,1.47454E+12,1.47454E+12,1.47454E+12,1.47454E+12,1.47454E+12,1.47454E+12
1.47454E+12,no_record,8.469328494,-12.47498784,6,99.04752594,...,...,0,1.47454E+12,2016,9,22,09:59,WQEVRM,yes,yes,12,4,1,FALSE,1937,10,,,1,1,1,1,1,1,1,0,1,1,no_record,NaN,FALSE,1946,20,,,1,1,1,1,1,1,1,1,1,1,1,1,1,1,1,0,1,1,1,1,no_record,NaN,FALSE,1936,14,,,0,1,1,1,1,1,1,1,1,1,1,1,1,1,no_record,NaN,TRUE,1934,8,,,0,0,0,0,0,0,0,0,.,.,.,.,.,.,.,.,.,.,.,.,.,.,.,.,.,.,.,.,.,.,.,.,.,.,.,.,.,.,.,.,no_record,NaN,TRUE,1983,11,,,0,0,0,0,0,0,0,0,0,0,0,.,.,.,.,.,.,.,.,.,.,.,.,.,.,.,.,.,.,.,.,.,.,.,.,.,.,.,.,.,.,.,.,.,.,.,.,.,.,.,.,.,.,.,.,no_record,NaN,1,3,1,1,0,1,2,2,1,0,1,0,0,1,2,2,1,2,,1.47454E+12,1.47454E+12,1.47454E+12,1.47454E+12,1.47454E+12,1.47454E+12,1.47454E+12,1.47454E+12,1.47454E+12,1.47454E+12,1.47454E+12,1.47454E+12,1.47454E+12,1.47454E+12,1.47454E+12,1.47454E+12,1.47454E+12,1.47454E+12,1.47454E+12
1.47454E+12,no_record,8.469301215,-12.47495855,6,105.9631844,...,...,0,1.47454E+12,2016,9,22,10:13,ZNQQFT,yes,yes,10,4,1,FALSE,1942,10,,,1,1,1,1,1,1,1,0,1,1,no_record,NaN,FALSE,1944,20,,,1,1,1,1,1,1,1,1,1,1,1,1,1,1,1,1,1,1,1,1,no_record,NaN,FALSE,1950,14,,,1,1,1,1,1,1,1,1,1,1,1,1,1,1,no_record,NaN,TRUE,1951,8,,,0,0,0,0,0,0,0,0,.,.,.,.,.,.,.,.,.,.,.,.,.,.,.,.,.,.,.,.,.,.,.,.,.,.,.,.,.,.,.,.,no_record,NaN,TRUE,1970,11,,,0,0,0,0,0,0,0,0,0,0,0,.,.,.,.,.,.,.,.,.,.,.,.,.,.,.,.,.,.,.,.,.,.,.,.,.,.,.,.,.,.,.,.,.,.,.,.,.,.,.,.,.,.,.,.,no_record,NaN,1,0,1,1,3,1,2,2,0,0,1,0,0,1,2,1,1,1,,1.47454E+12,1.47454E+12,1.47454E+12,1.47454E+12,1.47454E+12,1.47454E+12,1.47454E+12,1.47454E+12,1.47454E+12,1.47454E+12,1.47454E+12,1.47454E+12,1.47454E+12,1.47454E+12,1.47454E+12,1.47454E+12,1.47454E+12,1.47454E+12,1.47454E+12
1.47454E+12,no_record,8.469308379,-12.47491886,8,90.57082937,...,...,0,1.47454E+12,2016,9,22,10:27,SCGHKP,yes,yes,11,4,1,FALSE,1928,10,,,1,1,1,0,1,1,0,1,1,1,no_record,NaN,FALSE,1919,20,,,1,1,1,1,1,1,1,1,1,1,1,1,1,1,1,1,1,1,1,1,no_record,NaN,FALSE,1924,14,,,1,1,1,1,1,1,1,1,1,1,1,1,1,1,no_record,NaN,TRUE,1926,8,,,0,0,0,0,0,0,0,0,.,.,.,.,.,.,.,.,.,.,.,.,.,.,.,.,.,.,.,.,.,.,.,.,.,.,.,.,.,.,.,.,no_record,NaN,TRUE,1963,11,,,0,0,0,0,0,0,0,0,0,0,0,.,.,.,.,.,.,.,.,.,.,.,.,.,.,.,.,.,.,.,.,.,.,.,.,.,.,.,.,.,.,.,.,.,.,.,.,.,.,.,.,.,.,.,.,no_record,NaN,1,3,0,1,0,3,2,2,0,0,1,0,0,1,2,1,1,1,,1.47454E+12,1.47454E+12,1.47454E+12,1.47454E+12,1.47454E+12,1.47454E+12,1.47454E+12,1.47454E+12,1.47454E+12,1.47454E+12,1.47454E+12,1.47454E+12,1.47454E+12,1.47454E+12,1.47454E+12,1.47454E+12,1.47454E+12,1.47454E+12,1.47454E+12
1.47454E+12,no_record,8.469296531,-12.47490196,16,90.89122524,...,...,0,1.47454E+12,2016,9,22,10:42,GMFKTH,yes,yes,11,4,1,FALSE,1953,10,,,1,1,1,1,1,1,1,1,1,1,no_record,NaN,FALSE,1920,20,,,1,1,1,1,1,1,1,1,1,1,1,1,1,0,1,1,1,1,1,1,no_record,NaN,FALSE,1942,14,,,0,1,1,1,1,1,1,1,1,1,1,1,1,1,no_record,NaN,FALSE,1716,40,,,1,1,1,1,1,1,1,1,1,0,1,0,1,1,1,1,1,1,0,1,1,0,1,1,1,1,1,1,1,0,1,1,0,1,1,1,1,1,0,1,no_record,NaN,FALSE,1774,55,,,1,0,0,1,0,1,1,1,1,1,1,1,0,1,1,1,0,1,1,1,0,0,1,1,1,0,1,1,0,0,0,0,1,1,0,0,1,0,0,1,1,0,0,0,0,1,0,1,0,0,0,1,1,1,1,no_record,NaN,1,0,3,1,0,0,2,3,1,0,1,0,0,1,1,2,0,999,,1.47454E+12,1.47454E+12,1.47454E+12,1.47454E+12,1.47454E+12,1.47454E+12,1.47454E+12,1.47454E+12,1.47454E+12,1.47454E+12,1.47454E+12,1.47454E+12,1.47454E+12,1.47454E+12,1.47454E+12,1.47454E+12,1.47454E+12,1.47454E+12,1.47454E+12
1.47437E+12,no_record,8.3538913,-12.1346207,25,70.78505951,...,66,0.021919087,1.47437E+12,2016,,20,12:04,NMEZPR,yes,yes,12,4,1,FALSE,1951,10,,,0,1,1,1,1,1,1,1,0,1,no_record,NaN,FALSE,1963,20,,,1,1,1,1,1,1,1,1,1,1,1,1,1,1,1,1,1,1,1,1,no_record,NaN,FALSE,1962,14,,,1,1,1,1,1,1,1,1,1,0,1,1,1,1,no_record,NaN,FALSE,1748,39,,,0,1,0,1,0,1,0,0,1,0,0,0,1,1,0,0,1,0,0,1,1,0,0,0,0,1,1,1,1,0,1,0,1,1,0,1,1,0,0,.,no_record,NaN,TRUE,1979,11,,,0,0,0,0,0,0,0,0,0,0,0,.,.,.,.,.,.,.,.,.,.,.,.,.,.,.,.,.,.,.,.,.,.,.,.,.,.,.,.,.,.,.,.,.,.,.,.,.,.,.,.,.,.,.,.,no_record,NaN,0,3,3,3,3,3,2,0,0,0,1,0,0,2,2,2,0,999,,1.47437E+12,1.47437E+12,1.47437E+12,1.47437E+12,1.47437E+12,1.47437E+12,1.47437E+12,1.47437E+12,1.47437E+12,1.47437E+12,1.47437E+12,1.47437E+12,1.47437E+12,1.47437E+12,1.47437E+12,1.47437E+12,1.47437E+12,1.47437E+12,1.47437E+12
1.47437E+12,no_record,8.3538913,-12.1346207,25,70.78505951,...,66,0.021919087,1.47437E+12,2016,,20,12:19,BRUZUQ,yes,yes,11,4,1,TRUE,1962,6,,,0,0,0,0,0,0,.,.,.,.,no_record,NaN,TRUE,1944,9,,,0,0,0,0,0,0,0,0,0,.,.,.,.,.,.,.,.,.,.,.,no_record,NaN,FALSE,1923,14,,,0,0,0,0,1,0,0,0,0,0,0,0,0,0,no_record,NaN,TRUE,1991,8,,,0,0,0,0,0,0,0,0,.,.,.,.,.,.,.,.,.,.,.,.,.,.,.,.,.,.,.,.,.,.,.,.,.,.,.,.,.,.,.,.,no_record,NaN,TRUE,1982,11,,,0,0,0,0,0,0,0,0,0,0,0,.,.,.,.,.,.,.,.,.,.,.,.,.,.,.,.,.,.,.,.,.,.,.,.,.,.,.,.,.,.,.,.,.,.,.,.,.,.,.,.,.,.,.,.,no_record,NaN,0,3,3,3,3,3,2,0,0,0,1,0,0,0,0,0,0,999,,1.47437E+12,1.47437E+12,1.47437E+12,1.47437E+12,1.47437E+12,1.47437E+12,1.47437E+12,1.47437E+12,1.47437E+12,1.47437E+12,1.47437E+12,1.47437E+12,1.47437E+12,1.47437E+12,1.47437E+12,1.47437E+12,1.47437E+12,1.47437E+12,1.47437E+12
1.47437E+12,no_record,8.3538913,-12.1346207,25,70.78505951,...,66,0.021919087,1.47437E+12,2016,,20,12:32,UWSAYF,yes,yes,13,4,1,FALSE,1967,10,,,1,1,1,1,1,1,1,0,1,1,no_record,NaN,FALSE,1965,20,,,1,1,1,1,1,1,1,1,1,1,1,1,1,1,1,1,1,1,1,1,no_record,NaN,FALSE,1964,14,,,1,1,1,1,1,1,1,1,1,1,1,1,1,1,no_record,NaN,FALSE,1798,39,,,0,1,1,1,0,1,1,0,1,0,1,0,1,0,0,0,1,0,1,0,1,0,0,0,0,1,1,1,1,0,1,1,1,1,0,1,1,1,0,.,no_record,NaN,TRUE,1967,11,,,0,0,0,0,0,0,0,0,0,0,0,.,.,.,.,.,.,.,.,.,.,.,.,.,.,.,.,.,.,.,.,.,.,.,.,.,.,.,.,.,.,.,.,.,.,.,.,.,.,.,.,.,.,.,.,no_record,NaN,0,3,3,3,3,3,2,0,0,0,1,0,0,1,2,2,3,999,,1.47437E+12,1.47437E+12,1.47437E+12,1.47437E+12,1.47437E+12,1.47437E+12,1.47437E+12,1.47437E+12,1.47437E+12,1.47437E+12,1.47437E+12,1.47437E+12,1.47437E+12,1.47437E+12,1.47437E+12,1.47437E+12,1.47437E+12,1.47437E+12,1.47437E+12
1.47437E+12,no_record,8.3538913,-12.1346207,25,70.78505951,...,66,0.021919087,1.47437E+12,2016,,20,12:45,WCAXEH,yes,yes,12,4,1,FALSE,1964,10,,,1,1,1,0,1,1,1,0,1,1,no_record,NaN,FALSE,1962,20,,,1,1,1,1,1,1,1,1,1,1,1,1,1,1,1,1,1,1,1,1,no_record,NaN,FALSE,1963,14,,,1,1,1,1,1,1,1,1,1,1,1,1,1,1,no_record,NaN,FALSE,1848,39,,,1,1,1,1,0,1,1,0,1,1,1,0,1,1,1,0,1,0,1,1,1,0,0,0,1,0,1,0,1,0,1,1,1,1,0,1,1,1,0,.,no_record,NaN,FALSE,1835,55,,,1,0,1,1,0,1,1,1,1,1,0,1,1,1,1,0,0,0,1,0,1,1,1,1,0,1,1,1,1,1,1,1,0,1,1,0,1,0,1,1,1,0,1,1,0,0,0,0,0,0,0,0,0,0,0,no_record,NaN,1,3,3,1,0,3,2,0,0,0,0,1,0,2,2,2,1,2,,1.47437E+12,1.47437E+12,1.47437E+12,1.47437E+12,1.47437E+12,1.47437E+12,1.47437E+12,1.47437E+12,1.47437E+12,1.47437E+12,1.47437E+12,1.47437E+12,1.47437E+12,1.47437E+12,1.47437E+12,1.47437E+12,1.47437E+12,1.47437E+12,1.47437E+12
1.47437E+12,no_record,8.3538913,-12.1346207,25,70.78505951,...,66,0.021919087,1.47437E+12,2016,,20,12:59,TWPXGF,yes,yes,11,4,0,FALSE,1969,10,,,1,1,1,1,1,1,1,1,1,1,no_record,NaN,FALSE,1972,20,,,1,1,1,1,1,1,1,1,1,1,1,1,1,1,1,1,1,1,1,1,no_record,NaN,FALSE,1971,14,,,1,1,1,1,1,1,1,1,1,1,1,1,1,1,no_record,NaN,FALSE,1951,39,,,1,1,1,1,1,1,1,1,1,1,1,1,1,1,1,1,1,1,1,1,1,1,1,1,1,1,1,1,1,1,1,1,1,1,1,1,1,1,1,.,no_record,NaN,FALSE,1941,55,,,1,1,1,1,1,1,1,0,1,1,1,1,1,1,1,1,1,1,1,1,1,1,1,1,1,1,1,1,1,1,1,1,1,1,1,1,1,1,1,0,1,1,1,1,1,1,1,1,1,1,1,1,1,1,1,no_record,NaN,1,1,1,1,1,3,2,5,2,0,1,0,0,0,2,2,1,1,,1.47437E+12,1.47437E+12,1.47437E+12,1.47437E+12,1.47437E+12,1.47437E+12,1.47437E+12,1.47437E+12,1.47437E+12,1.47437E+12,1.47437E+12,1.47437E+12,1.47437E+12,1.47437E+12,1.47437E+12,1.47437E+12,1.47437E+12,1.47437E+12,1.47437E+12
1.47437E+12,no_record,,,,,,,,,2016,,20,13:09,RZZUYX,yes,yes,12,4,0,FALSE,1954,10,,,1,1,1,1,1,1,1,1,1,1,no_record,NaN,FALSE,1963,20,,,1,1,1,1,1,1,1,1,1,1,1,1,1,1,1,1,1,1,1,1,no_record,NaN,FALSE,1947,14,,,1,1,1,1,1,1,1,1,1,0,1,1,0,1,no_record,NaN,FALSE,1782,40,,,0,1,1,1,0,1,1,0,1,0,0,0,1,0,0,0,1,0,0,0,1,0,0,0,0,1,1,0,0,0,1,0,1,0,0,0,1,1,0,0,no_record,NaN,FALSE,1937,55,,,1,0,0,0,0,0,1,0,0,0,0,0,0,0,0,0,0,0,0,0,0,0,0,0,0,0,0,0,0,0,0,0,0,0,0,1,0,0,0,0,0,0,0,0,0,0,0,0,0,0,0,0,0,0,0,no_record,NaN,0,3,3,3,3,3,2,0,0,0,1,0,0,2,2,2,0,999,,1.47437E+12,1.47437E+12,1.47437E+12,1.47437E+12,1.47437E+12,1.47437E+12,1.47437E+12,1.47437E+12,1.47437E+12,1.47437E+12,1.47437E+12,1.47437E+12,1.47437E+12,1.47437E+12,1.47437E+12,1.47437E+12,1.47437E+12,1.47437E+12,1.47437E+12
1.47437E+12,no_record,8.3539161,-12.1346327,25,76.72574749,...,345,0.007606395,1.47438E+12,2016,,20,13:22,XPAFBQ,yes,yes,12,4,0,FALSE,1973,10,,,1,1,1,1,1,1,1,1,1,1,no_record,NaN,FALSE,1968,20,,,1,1,1,1,1,1,1,1,1,1,1,1,1,1,1,1,1,1,1,1,no_record,NaN,FALSE,1962,14,,,1,1,1,1,1,1,1,1,1,1,1,1,1,1,no_record,NaN,FALSE,1910,39,,,1,1,1,1,0,1,1,1,1,1,1,1,1,1,1,1,1,1,1,1,1,1,1,1,1,1,1,1,1,1,1,1,1,1,1,1,1,1,1,.,no_record,NaN,FALSE,1898,48,,,1,1,1,1,1,1,1,1,1,1,1,1,1,1,1,1,1,1,1,1,1,1,0,1,1,1,1,1,1,1,1,1,1,1,1,1,1,1,0,1,1,1,1,0,0,0,1,1,.,.,.,.,.,.,.,no_record,NaN,1,1,3,1,1,3,2,3,2,0,1,0,0,0,2,2,0,999,,1.47437E+12,1.47437E+12,1.47437E+12,1.47437E+12,1.47437E+12,1.47437E+12,1.47437E+12,1.47437E+12,1.47437E+12,1.47437E+12,1.47437E+12,1.47437E+12,1.47437E+12,1.47437E+12,1.47437E+12,1.47437E+12,1.47437E+12,1.47437E+12,1.47437E+12
1.47437E+12,no_record,8.3539161,-12.1346327,25,76.72574749,...,345,0.007606395,1.47438E+12,2016,,20,13:35,QTEYVN,yes,yes,12,4,0,FALSE,1965,10,,,1,1,1,1,1,1,1,0,1,1,no_record,NaN,FALSE,1964,20,,,1,1,1,1,1,1,1,1,1,1,1,1,1,1,1,1,1,1,1,1,no_record,NaN,FALSE,1966,14,,,1,1,1,1,1,1,1,1,1,1,1,1,1,1,no_record,NaN,FALSE,1872,39,,,0,1,1,1,0,1,1,0,1,1,1,0,1,0,1,0,1,0,1,1,1,1,1,0,1,1,1,1,1,1,1,1,1,1,0,1,1,1,1,.,no_record,NaN,FALSE,1925,55,,,1,0,1,1,1,1,1,1,1,1,1,0,0,0,0,0,0,0,1,0,0,0,0,0,0,0,0,0,0,0,0,0,1,1,1,1,1,1,1,1,1,1,1,1,1,1,1,1,1,1,1,1,1,1,1,no_record,NaN,1,0,3,0,0,3,2,3,0,0,1,0,0,0,2,0,0,999,,1.47438E+12,1.47437E+12,1.47437E+12,1.47437E+12,1.47437E+12,1.47438E+12,1.47438E+12,1.47438E+12,1.47438E+12,1.47438E+12,1.47438E+12,1.47438E+12,1.47438E+12,1.47438E+12,1.47438E+12,1.47438E+12,1.47438E+12,1.47438E+12,1.47438E+12
1.47445E+12,no_record,,,,,,,,,2016,2016-09,21,12:53,TUYRFM,yes,yes,10,4,0,FALSE,1937,10,,,1,1,0,1,0,0,0,1,0,1,no_record,NaN,FALSE,1914,20,,,0,1,1,0,1,1,0,1,1,1,0,0,1,1,1,0,1,0,1,1,no_record,NaN,FALSE,1927,14,,,1,1,1,0,1,0,0,1,1,0,0,1,1,1,no_record,NaN,TRUE,1955,8,,,0,0,0,0,0,0,0,0,.,.,.,.,.,.,.,.,.,.,.,.,.,.,.,.,.,.,.,.,.,.,.,.,.,.,.,.,.,.,.,.,no_record,NaN,TRUE,1982,11,,,0,0,0,0,0,0,0,0,0,0,0,.,.,.,.,.,.,.,.,.,.,.,.,.,.,.,.,.,.,.,.,.,.,.,.,.,.,.,.,.,.,.,.,.,.,.,.,.,.,.,.,.,.,.,.,no_record,NaN,0,0,0,1,3,3,2,0,0,0,1,0,0,0,1,1,0,999,,1.47445E+12,1.47445E+12,1.47445E+12,1.47445E+12,1.47445E+12,1.47445E+12,1.47445E+12,1.47445E+12,1.47445E+12,1.47445E+12,1.47445E+12,1.47445E+12,1.47445E+12,1.47445E+12,1.47445E+12,1.47445E+12,1.47445E+12,1.47445E+12,1.47445E+12
1.47445E+12,no_record,,,,,,,,,2016,2016-09,21,13:07,UREGXK,yes,yes,11,4,0,FALSE,1960,10,,,1,1,1,1,0,1,1,1,1,1,no_record,NaN,FALSE,1970,20,,,1,1,1,1,1,1,0,1,1,1,1,1,1,1,1,1,1,1,1,1,no_record,NaN,FALSE,1952,14,,,1,1,1,1,1,1,1,1,1,1,1,0,0,1,no_record,NaN,TRUE,1984,8,,,0,0,0,0,0,0,0,0,.,.,.,.,.,.,.,.,.,.,.,.,.,.,.,.,.,.,.,.,.,.,.,.,.,.,.,.,.,.,.,.,no_record,NaN,TRUE,1976,11,,,0,0,0,0,0,0,0,0,0,0,0,.,.,.,.,.,.,.,.,.,.,.,.,.,.,.,.,.,.,.,.,.,.,.,.,.,.,.,.,.,.,.,.,.,.,.,.,.,.,.,.,.,.,.,.,no_record,NaN,0,0,0,0,0,0,2,0,0,0,1,0,0,1,1,1,0,999,,1.47445E+12,1.47445E+12,1.47445E+12,1.47445E+12,1.47445E+12,1.47445E+12,1.47445E+12,1.47445E+12,1.47445E+12,1.47445E+12,1.47445E+12,1.47445E+12,1.47445E+12,1.47445E+12,1.47445E+12,1.47445E+12,1.47445E+12,1.47445E+12,1.47445E+12
1.47445E+12,no_record,,,,,,,,,2016,2016-09,21,13:21,QWVZGQ,yes,yes,10,4,0,FALSE,1959,10,,,1,1,1,1,1,1,1,1,0,0,no_record,NaN,FALSE,1970,20,,,1,1,1,1,1,1,1,1,1,1,1,1,1,0,1,0,1,1,1,1,no_record,NaN,FALSE,1957,14,,,1,1,1,1,1,1,1,1,0,1,1,1,1,1,no_record,NaN,FALSE,1717,40,,,0,0,0,1,0,1,0,0,1,1,1,0,1,1,0,0,1,1,1,0,1,1,1,0,0,1,1,1,0,0,0,1,1,1,1,1,1,1,0,1,no_record,NaN,TRUE,1977,11,,,0,0,0,0,0,0,0,0,0,0,0,.,.,.,.,.,.,.,.,.,.,.,.,.,.,.,.,.,.,.,.,.,.,.,.,.,.,.,.,.,.,.,.,.,.,.,.,.,.,.,.,.,.,.,.,no_record,NaN,0,0,0,0,3,3,2,2,0,0,1,0,0,1,2,2,1,3,,1.47445E+12,1.47445E+12,1.47445E+12,1.47445E+12,1.47445E+12,1.47445E+12,1.47445E+12,1.47445E+12,1.47445E+12,1.47445E+12,1.47445E+12,1.47445E+12,1.47445E+12,1.47445E+12,1.47445E+12,1.47445E+12,1.47445E+12,1.47445E+12,1.47445E+12
1.47445E+12,no_record,,,,,,,,,2016,2016-09,21,13:41,ZBHWPR,yes,yes,9,4,0,FALSE,1956,10,,,0,1,0,1,0,1,1,1,0,1,no_record,NaN,FALSE,1958,20,,,1,1,1,1,1,1,0,1,1,1,1,1,1,1,1,1,1,1,1,1,no_record,NaN,FALSE,1954,14,,,1,1,1,1,1,1,1,1,1,0,0,1,1,1,no_record,NaN,TRUE,1944,8,,,0,0,0,0,0,0,0,0,.,.,.,.,.,.,.,.,.,.,.,.,.,.,.,.,.,.,.,.,.,.,.,.,.,.,.,.,.,.,.,.,no_record,NaN,TRUE,1973,11,,,0,0,0,0,0,0,0,0,0,0,0,.,.,.,.,.,.,.,.,.,.,.,.,.,.,.,.,.,.,.,.,.,.,.,.,.,.,.,.,.,.,.,.,.,.,.,.,.,.,.,.,.,.,.,.,no_record,NaN,0,1,3,0,3,3,2,4,1,0,1,0,0,2,1,1,0,999,,1.47446E+12,1.47445E+12,1.47445E+12,1.47445E+12,1.47445E+12,1.47445E+12,1.47445E+12,1.47445E+12,1.47445E+12,1.47445E+12,1.47445E+12,1.47445E+12,1.47445E+12,1.47445E+12,1.47445E+12,1.47446E+12,1.47446E+12,1.47446E+12,1.47446E+12
1.47446E+12,no_record,,,,,,,,,2016,2016-09,21,13:54,GTAEXH,yes,yes,10,4,0,TRUE,1970,6,,,0,0,0,0,0,0,.,.,.,.,no_record,NaN,FALSE,1935,20,,,1,1,1,1,1,1,1,1,1,1,1,1,1,1,1,0,1,1,1,1,no_record,NaN,FALSE,1934,14,,,1,1,0,1,0,0,0,1,0,0,1,0,1,1,no_record,NaN,FALSE,1721,40,,,0,1,1,1,0,1,1,0,1,0,1,0,1,0,0,0,1,0,1,1,0,0,0,0,0,1,1,0,0,1,1,0,1,1,0,1,1,1,0,0,no_record,NaN,TRUE,1976,11,,,0,0,0,0,0,0,0,0,0,0,0,.,.,.,.,.,.,.,.,.,.,.,.,.,.,.,.,.,.,.,.,.,.,.,.,.,.,.,.,.,.,.,.,.,.,.,.,.,.,.,.,.,.,.,.,no_record,NaN,0,3,3,3,0,3,2,3,0,0,1,0,0,1,1,2,0,999,,1.47446E+12,1.47446E+12,1.47446E+12,1.47446E+12,1.47446E+12,1.47446E+12,1.47446E+12,1.47446E+12,1.47446E+12,1.47446E+12,1.47446E+12,1.47446E+12,1.47446E+12,1.47446E+12,1.47446E+12,1.47446E+12,1.47446E+12,1.47446E+12,1.47446E+12
1.47446E+12,no_record,,,,,,,,,2016,2016-09,21,14:12,QWNUVB,yes,yes,11,4,1,FALSE,1959,10,,,1,1,0,1,1,1,1,0,0,1,no_record,NaN,FALSE,1904,20,,,0,1,1,0,1,1,1,0,1,0,0,0,1,0,1,0,1,0,0,1,no_record,NaN,FALSE,1946,14,,,0,1,1,0,0,1,1,0,1,1,1,1,1,1,no_record,NaN,TRUE,1970,8,,,0,0,0,0,0,0,0,0,.,.,.,.,.,.,.,.,.,.,.,.,.,.,.,.,.,.,.,.,.,.,.,.,.,.,.,.,.,.,.,.,no_record,NaN,TRUE,1984,11,,,0,0,0,0,0,0,0,0,0,0,0,.,.,.,.,.,.,.,.,.,.,.,.,.,.,.,.,.,.,.,.,.,.,.,.,.,.,.,.,.,.,.,.,.,.,.,.,.,.,.,.,.,.,.,.,no_record,NaN,0,3,0,0,0,0,2,1,1,0,1,0,0,1,1,1,0,999,,1.47446E+12,1.47446E+12,1.47446E+12,1.47446E+12,1.47446E+12,1.47446E+12,1.47446E+12,1.47446E+12,1.47446E+12,1.47446E+12,1.47446E+12,1.47446E+12,1.47446E+12,1.47446E+12,1.47446E+12,1.47446E+12,1.47446E+12,1.47446E+12,1.47446E+12
1.47446E+12,no_record,,,,,,,,,2016,2016-09,21,14:24,YGNNRT,yes,yes,9,4,1,FALSE,1969,10,,,1,1,1,1,1,1,1,1,1,1,no_record,NaN,FALSE,1942,20,,,1,1,1,1,1,1,1,1,1,1,0,1,1,1,1,0,1,1,1,1,no_record,NaN,FALSE,1963,14,,,1,1,1,1,1,1,1,1,1,1,1,1,1,1,no_record,NaN,TRUE,1976,8,,,0,0,0,0,0,0,0,0,.,.,.,.,.,.,.,.,.,.,.,.,.,.,.,.,.,.,.,.,.,.,.,.,.,.,.,.,.,.,.,.,no_record,NaN,TRUE,1979,11,,,0,0,0,0,0,0,0,0,0,0,0,.,.,.,.,.,.,.,.,.,.,.,.,.,.,.,.,.,.,.,.,.,.,.,.,.,.,.,.,.,.,.,.,.,.,.,.,.,.,.,.,.,.,.,.,no_record,NaN,0,3,3,3,3,3,2,0,0,0,1,1,0,1,2,2,0,999,,1.47446E+12,1.47446E+12,1.47446E+12,1.47446E+12,1.47446E+12,1.47446E+12,1.47446E+12,1.47446E+12,1.47446E+12,1.47446E+12,1.47446E+12,1.47446E+12,1.47446E+12,1.47446E+12,1.47446E+12,1.47446E+12,1.47446E+12,1.47446E+12,1.47446E+12
1.47402E+12,no_record,,,,,,,,,2016,2016-09,16,12:15,PTMXPK,yes,yes,12,4,1,FALSE,1997,10,,,1,1,1,1,1,1,1,1,1,1,no_record,NaN,FALSE,1995,20,,,1,1,1,1,1,1,1,1,1,1,1,1,1,1,1,0,1,1,0,1,no_record,NaN,FALSE,1993,14,,,1,1,1,1,1,1,1,1,1,1,1,1,1,0,no_record,NaN,FALSE,1991,40,,,1,1,1,1,1,1,1,1,1,1,1,1,1,1,1,1,1,1,1,1,1,1,1,1,1,1,1,1,1,1,1,1,1,1,1,1,1,1,1,0,no_record,NaN,FALSE,1983,55,,,1,1,1,1,1,1,1,1,1,1,1,1,1,1,1,1,1,1,1,1,1,1,1,1,1,1,1,1,1,1,1,1,1,1,1,1,1,1,1,1,1,1,1,1,1,1,1,1,1,1,1,1,1,1,1,no_record,NaN,0,0,0,0,0,0,1,2,1,0,0,0,1,2,2,2,3,999,This was a test run by Jenny Hobbs ,1.47402E+12,1.47402E+12,1.47402E+12,1.47402E+12,1.47402E+12,1.47402E+12,1.47402E+12,1.47402E+12,1.47402E+12,1.47402E+12,1.47402E+12,1.47402E+12,1.47402E+12,1.47402E+12,1.47402E+12,1.47402E+12,1.47402E+12,1.47402E+12,1.47402E+12
1.47436E+12,no_record,,,,,,,,,2016,9,20,09:49,PBCQSX,yes,yes,10,4,1,FALSE,1860,10,,,0,0,0,0,0,1,0,0,0,0,no_record,NaN,FALSE,1852,20,,,0,1,0,1,1,1,0,1,0,0,0,0,1,0,1,0,1,0,0,1,no_record,NaN,FALSE,1886,14,,,0,0,0,0,1,1,0,1,0,1,0,1,0,0,no_record,NaN,TRUE,1912,8,,,0,0,0,0,0,0,0,0,.,.,.,.,.,.,.,.,.,.,.,.,.,.,.,.,.,.,.,.,.,.,.,.,.,.,.,.,.,.,.,.,no_record,NaN,TRUE,1922,11,,,0,0,0,0,0,0,0,0,0,0,0,.,.,.,.,.,.,.,.,.,.,.,.,.,.,.,.,.,.,.,.,.,.,.,.,.,.,.,.,.,.,.,.,.,.,.,.,.,.,.,.,.,.,.,.,no_record,NaN,1,3,3,3,3,3,2,0,0,0,1,0,0,1,2,1,1,1,,1.47437E+12,1.47436E+12,1.47436E+12,1.47436E+12,1.47436E+12,1.47436E+12,1.47436E+12,1.47437E+12,1.47437E+12,1.47437E+12,1.47437E+12,1.47437E+12,1.47437E+12,1.47437E+12,1.47437E+12,1.47437E+12,1.47437E+12,1.47437E+12,1.47437E+12
1.47437E+12,no_record,8.480261374,-12.32641603,8,75.42108443,...,...,0,1.47437E+12,2016,9,20,10:08,PUMXCP,yes,yes,10,4,0,FALSE,1907,10,,,0,1,0,0,0,1,1,1,0,1,no_record,NaN,FALSE,1922,20,,,0,1,1,1,1,1,0,1,1,0,0,0,1,1,1,1,1,1,1,1,no_record,NaN,FALSE,1923,14,,,1,1,1,0,1,1,0,0,1,1,1,1,0,1,no_record,NaN,TRUE,1955,8,,,0,0,0,0,0,0,0,0,.,.,.,.,.,.,.,.,.,.,.,.,.,.,.,.,.,.,.,.,.,.,.,.,.,.,.,.,.,.,.,.,no_record,NaN,TRUE,1949,11,,,0,0,0,0,0,0,0,0,0,0,0,.,.,.,.,.,.,.,.,.,.,.,.,.,.,.,.,.,.,.,.,.,.,.,.,.,.,.,.,.,.,.,.,.,.,.,.,.,.,.,.,.,.,.,.,no_record,NaN,1,3,3,3,3,3,2,2,0,0,1,0,0,1,2,2,1,1,,1.47437E+12,1.47437E+12,1.47437E+12,1.47437E+12,1.47437E+12,1.47437E+12,1.47437E+12,1.47437E+12,1.47437E+12,1.47437E+12,1.47437E+12,1.47437E+12,1.47437E+12,1.47437E+12,1.47437E+12,1.47437E+12,1.47437E+12,1.47437E+12,1.47437E+12
1.47437E+12,no_record,8.480391306,-12.32617209,12,98.98979886,...,...,0,1.47437E+12,2016,9,20,10:21,FMQKUQ,yes,yes,10,4,1,TRUE,1951,6,,,0,0,0,0,0,0,.,.,.,.,no_record,NaN,FALSE,1850,20,,,0,0,0,0,1,1,0,0,0,0,0,0,1,0,1,0,1,1,0,0,no_record,NaN,FALSE,1878,14,,,0,0,0,0,1,0,0,0,0,1,0,0,0,0,no_record,NaN,TRUE,1924,8,,,0,0,0,0,0,0,0,0,.,.,.,.,.,.,.,.,.,.,.,.,.,.,.,.,.,.,.,.,.,.,.,.,.,.,.,.,.,.,.,.,no_record,NaN,TRUE,1922,11,,,0,0,0,0,0,0,0,0,0,0,0,.,.,.,.,.,.,.,.,.,.,.,.,.,.,.,.,.,.,.,.,.,.,.,.,.,.,.,.,.,.,.,.,.,.,.,.,.,.,.,.,.,.,.,.,no_record,NaN,0,3,3,3,3,3,2,0,0,0,1,0,0,0,2,2,1,1,,1.47437E+12,1.47437E+12,1.47437E+12,1.47437E+12,1.47437E+12,1.47437E+12,1.47437E+12,1.47437E+12,1.47437E+12,1.47437E+12,1.47437E+12,1.47437E+12,1.47437E+12,1.47437E+12,1.47437E+12,1.47437E+12,1.47437E+12,1.47437E+12,1.47437E+12
1.47437E+12,no_record,8.480361145,-12.32612458,8,106.9856195,...,...,0,1.47437E+12,2016,9,20,10:36,VWYYPB,yes,yes,11,4,0,TRUE,1903,6,,,0,0,0,0,0,0,.,.,.,.,no_record,NaN,FALSE,1872,20,,,0,1,0,0,1,1,1,0,1,0,1,1,1,1,1,1,1,1,1,1,no_record,NaN,TRUE,1935,6,,,0,0,0,0,0,0,.,.,.,.,.,.,.,.,no_record,NaN,TRUE,1945,8,,,0,0,0,0,0,0,0,0,.,.,.,.,.,.,.,.,.,.,.,.,.,.,.,.,.,.,.,.,.,.,.,.,.,.,.,.,.,.,.,.,no_record,NaN,TRUE,1947,11,,,0,0,0,0,0,0,0,0,0,0,0,.,.,.,.,.,.,.,.,.,.,.,.,.,.,.,.,.,.,.,.,.,.,.,.,.,.,.,.,.,.,.,.,.,.,.,.,.,.,.,.,.,.,.,.,no_record,NaN,0,3,3,3,3,3,2,0,0,0,1,0,0,0,2,1,0,999,,1.47437E+12,1.47437E+12,1.47437E+12,1.47437E+12,1.47437E+12,1.47437E+12,1.47437E+12,1.47437E+12,1.47437E+12,1.47437E+12,1.47437E+12,1.47437E+12,1.47437E+12,1.47437E+12,1.47437E+12,1.47437E+12,1.47437E+12,1.47437E+12,1.47437E+12
1.47437E+12,no_record,8.48036232,-12.32631492,8,121.0978048,...,...,0,1.47437E+12,2016,9,20,10:48,ZFXAQN,yes,yes,11,4,0,TRUE,1931,6,,,0,0,0,0,0,0,.,.,.,.,no_record,NaN,FALSE,1897,20,,,0,1,1,1,1,1,1,1,1,1,1,1,1,0,1,0,0,1,1,1,no_record,NaN,FALSE,1905,14,,,0,1,1,0,1,1,0,1,1,1,0,1,1,1,no_record,NaN,TRUE,1944,8,,,0,0,0,0,0,0,0,0,.,.,.,.,.,.,.,.,.,.,.,.,.,.,.,.,.,.,.,.,.,.,.,.,.,.,.,.,.,.,.,.,no_record,NaN,TRUE,1920,11,,,0,0,0,0,0,0,0,0,0,0,0,.,.,.,.,.,.,.,.,.,.,.,.,.,.,.,.,.,.,.,.,.,.,.,.,.,.,.,.,.,.,.,.,.,.,.,.,.,.,.,.,.,.,.,.,no_record,NaN,0,3,3,3,3,3,1,0,0,0,1,0,0,2,2,1,0,999,,1.47437E+12,1.47437E+12,1.47437E+12,1.47437E+12,1.47437E+12,1.47437E+12,1.47437E+12,1.47437E+12,1.47437E+12,1.47437E+12,1.47437E+12,1.47437E+12,1.47437E+12,1.47437E+12,1.47437E+12,1.47437E+12,1.47437E+12,1.47437E+12,1.47437E+12
1.47437E+12,no_record,8.48037475,-12.32623369,12,115.5210229,...,...,0,1.47437E+12,2016,9,20,10:59,AYXPAK,yes,yes,12,4,1,TRUE,1951,6,,,0,0,0,0,0,0,.,.,.,.,no_record,NaN,FALSE,1891,20,,,1,1,1,0,1,1,0,1,1,1,1,1,1,1,1,1,1,1,0,1,no_record,NaN,TRUE,1890,6,,,0,0,0,0,0,0,.,.,.,.,.,.,.,.,no_record,NaN,TRUE,1932,8,,,0,0,0,0,0,0,0,0,.,.,.,.,.,.,.,.,.,.,.,.,.,.,.,.,.,.,.,.,.,.,.,.,.,.,.,.,.,.,.,.,no_record,NaN,TRUE,1940,11,,,0,0,0,0,0,0,0,0,0,0,0,.,.,.,.,.,.,.,.,.,.,.,.,.,.,.,.,.,.,.,.,.,.,.,.,.,.,.,.,.,.,.,.,.,.,.,.,.,.,.,.,.,.,.,.,no_record,NaN,0,3,3,3,3,3,2,0,0,0,1,0,0,1,2,1,0,999,,1.47437E+12,1.47437E+12,1.47437E+12,1.47437E+12,1.47437E+12,1.47437E+12,1.47437E+12,1.47437E+12,1.47437E+12,1.47437E+12,1.47437E+12,1.47437E+12,1.47437E+12,1.47437E+12,1.47437E+12,1.47437E+12,1.47437E+12,1.47437E+12,1.47437E+12
1.47437E+12,no_record,8.480417457,-12.32626923,12,101.5013567,...,...,0,1.47437E+12,2016,9,20,11:12,WGQXPQ,yes,yes,10,4,0,FALSE,1929,10,,,1,1,1,1,1,1,1,0,0,1,no_record,NaN,FALSE,1891,20,,,0,1,1,1,1,1,1,1,1,1,0,1,1,1,1,1,1,1,1,1,no_record,NaN,FALSE,1919,14,,,1,0,1,0,0,0,0,1,1,1,1,1,0,1,no_record,NaN,TRUE,1939,8,,,0,0,0,0,0,0,0,0,.,.,.,.,.,.,.,.,.,.,.,.,.,.,.,.,.,.,.,.,.,.,.,.,.,.,.,.,.,.,.,.,no_record,NaN,TRUE,1944,11,,,0,0,0,0,0,0,0,0,0,0,0,.,.,.,.,.,.,.,.,.,.,.,.,.,.,.,.,.,.,.,.,.,.,.,.,.,.,.,.,.,.,.,.,.,.,.,.,.,.,.,.,.,.,.,.,no_record,NaN,0,3,3,3,3,3,2,0,0,0,1,0,0,2,2,1,0,999,,1.47437E+12,1.47437E+12,1.47437E+12,1.47437E+12,1.47437E+12,1.47437E+12,1.47437E+12,1.47437E+12,1.47437E+12,1.47437E+12,1.47437E+12,1.47437E+12,1.47437E+12,1.47437E+12,1.47437E+12,1.47437E+12,1.47437E+12,1.47437E+12,1.47437E+12
1.47437E+12,no_record,8.480392404,-12.32628201,8,123.1696762,...,...,0,1.47437E+12,2016,9,20,11:27,KVXERE,yes,yes,11,4,0,FALSE,1939,10,,,1,1,1,1,0,1,1,1,1,1,no_record,NaN,FALSE,1918,20,,,1,1,1,1,1,1,1,1,1,1,1,1,1,1,1,1,1,1,1,1,no_record,NaN,FALSE,1979,14,,,1,1,1,1,1,1,0,1,1,1,1,1,1,1,no_record,NaN,TRUE,1948,8,,,0,0,0,0,0,0,0,0,.,.,.,.,.,.,.,.,.,.,.,.,.,.,.,.,.,.,.,.,.,.,.,.,.,.,.,.,.,.,.,.,no_record,NaN,TRUE,1937,11,,,0,0,0,0,0,0,0,0,0,0,0,.,.,.,.,.,.,.,.,.,.,.,.,.,.,.,.,.,.,.,.,.,.,.,.,.,.,.,.,.,.,.,.,.,.,.,.,.,.,.,.,.,.,.,.,no_record,NaN,0,3,3,3,3,3,2,0,0,0,1,0,0,1,2,1,1,2,,1.47437E+12,1.47437E+12,1.47437E+12,1.47437E+12,1.47437E+12,1.47437E+12,1.47437E+12,1.47437E+12,1.47437E+12,1.47437E+12,1.47437E+12,1.47437E+12,1.47437E+12,1.47437E+12,1.47437E+12,1.47437E+12,1.47437E+12,1.47437E+12,1.47437E+12
1.47437E+12,no_record,8.480358256,-12.32644855,12,143.3829789,...,...,0,1.47437E+12,2016,9,20,11:45,WTUFTP,yes,yes,10,4,0,FALSE,1953,10,,,1,1,1,1,1,1,1,0,1,0,no_record,NaN,FALSE,1878,20,,,1,1,1,1,1,1,1,1,1,1,1,1,1,1,1,0,1,1,0,1,no_record,NaN,FALSE,1940,14,,,1,1,1,1,1,1,0,1,1,1,1,1,1,0,no_record,NaN,FALSE,1632,40,,,0,1,0,0,1,1,1,0,1,1,0,0,0,1,0,0,0,0,0,0,0,0,0,0,1,1,0,0,1,0,1,0,1,0,0,0,1,0,0,0,no_record,NaN,TRUE,1935,11,,,0,0,0,0,0,0,0,0,0,0,0,.,.,.,.,.,.,.,.,.,.,.,.,.,.,.,.,.,.,.,.,.,.,.,.,.,.,.,.,.,.,.,.,.,.,.,.,.,.,.,.,.,.,.,.,no_record,NaN,0,0,3,0,0,0,2,4,1,0,1,0,0,1,1,1,0,999,,1.47437E+12,1.47437E+12,1.47437E+12,1.47437E+12,1.47437E+12,1.47437E+12,1.47437E+12,1.47437E+12,1.47437E+12,1.47437E+12,1.47437E+12,1.47437E+12,1.47437E+12,1.47437E+12,1.47437E+12,1.47437E+12,1.47437E+12,1.47437E+12,1.47437E+12
1.47437E+12,no_record,8.480426654,-12.32632718,6,111.1441707,...,...,0,1.47437E+12,2016,9,20,12:19,UQWGVK,yes,yes,10,4,1,FALSE,1943,10,,,1,1,0,1,1,1,1,0,1,0,no_record,NaN,FALSE,1858,19,,,0,1,1,0,1,1,1,1,0,0,0,0,1,0,1,1,1,1,0,.,no_record,NaN,FALSE,1891,14,,,0,1,1,1,1,0,0,0,1,1,0,1,1,0,no_record,NaN,TRUE,1897,8,,,0,0,0,0,0,0,0,0,.,.,.,.,.,.,.,.,.,.,.,.,.,.,.,.,.,.,.,.,.,.,.,.,.,.,.,.,.,.,.,.,no_record,NaN,TRUE,1972,11,,,0,0,0,0,0,0,0,0,0,0,0,.,.,.,.,.,.,.,.,.,.,.,.,.,.,.,.,.,.,.,.,.,.,.,.,.,.,.,.,.,.,.,.,.,.,.,.,.,.,.,.,.,.,.,.,no_record,NaN,0,3,3,0,3,3,2,2,1,0,1,1,0,1,1,1,0,999,,1.47438E+12,1.47437E+12,1.47437E+12,1.47437E+12,1.47437E+12,1.47437E+12,1.47437E+12,1.47437E+12,1.47437E+12,1.47437E+12,1.47437E+12,1.47437E+12,1.47437E+12,1.47437E+12,1.47437E+12,1.47438E+12,1.47438E+12,1.47438E+12,1.47438E+12
1.47438E+12,no_record,8.480301363,-12.3265,8,126.3579834,...,...,0,1.47438E+12,2016,9,20,12:42,NKZMAB,yes,yes,11,4,1,FALSE,1881,8,,,0,1,1,1,0,0,1,0,.,.,no_record,NaN,FALSE,1865,16,,,0,1,1,0,1,1,1,1,1,1,0,1,1,1,1,0,.,.,.,.,no_record,NaN,FALSE,1903,14,,,1,1,1,1,1,0,0,0,1,0,1,1,0,0,no_record,NaN,TRUE,1903,8,,,0,0,0,0,0,0,0,0,.,.,.,.,.,.,.,.,.,.,.,.,.,.,.,.,.,.,.,.,.,.,.,.,.,.,.,.,.,.,.,.,no_record,NaN,TRUE,1853,11,,,0,0,0,0,0,0,0,0,0,0,0,.,.,.,.,.,.,.,.,.,.,.,.,.,.,.,.,.,.,.,.,.,.,.,.,.,.,.,.,.,.,.,.,.,.,.,.,.,.,.,.,.,.,.,.,no_record,NaN,0,0,3,0,0,0,2,0,0,0,1,0,0,1,1,1,0,999,,1.47438E+12,1.47438E+12,1.47438E+12,1.47438E+12,1.47438E+12,1.47438E+12,1.47438E+12,1.47438E+12,1.47438E+12,1.47438E+12,1.47438E+12,1.47438E+12,1.47438E+12,1.47438E+12,1.47438E+12,1.47438E+12,1.47438E+12,1.47438E+12,1.47438E+12
1.47438E+12,no_record,8.480504577,-12.3262959,6,111.5702863,...,...,0,1.47438E+12,2016,9,20,13:08,HRRXNH,yes,yes,12,4,0,TRUE,1930,6,,,0,0,0,0,0,0,.,.,.,.,no_record,NaN,FALSE,1901,20,,,0,1,1,1,1,1,1,0,1,1,1,1,1,0,1,1,1,1,1,1,no_record,NaN,TRUE,1958,6,,,0,0,0,0,0,0,.,.,.,.,.,.,.,.,no_record,NaN,TRUE,1952,8,,,0,0,0,0,0,0,0,0,.,.,.,.,.,.,.,.,.,.,.,.,.,.,.,.,.,.,.,.,.,.,.,.,.,.,.,.,.,.,.,.,no_record,NaN,TRUE,1931,11,,,0,0,0,0,0,0,0,0,0,0,0,.,.,.,.,.,.,.,.,.,.,.,.,.,.,.,.,.,.,.,.,.,.,.,.,.,.,.,.,.,.,.,.,.,.,.,.,.,.,.,.,.,.,.,.,no_record,NaN,0,3,3,3,3,3,2,0,0,0,1,0,0,1,2,1,1,2,,1.47438E+12,1.47438E+12,1.47438E+12,1.47438E+12,1.47438E+12,1.47438E+12,1.47438E+12,1.47438E+12,1.47438E+12,1.47438E+12,1.47438E+12,1.47438E+12,1.47438E+12,1.47438E+12,1.47438E+12,1.47438E+12,1.47438E+12,1.47438E+12,1.47438E+12
1.47438E+12,no_record,8.480406047,-12.32620419,6,122.0907281,...,...,0,1.47438E+12,2016,9,20,13:22,UNZSHX,yes,yes,10,4,0,TRUE,1941,6,,,0,0,0,0,0,0,.,.,.,.,no_record,NaN,FALSE,1869,20,,,0,1,1,0,1,1,1,1,1,1,1,1,1,1,1,0,1,1,1,1,no_record,NaN,FALSE,1902,14,,,0,0,1,0,1,1,0,0,1,1,0,0,1,1,no_record,NaN,TRUE,1938,8,,,0,0,0,0,0,0,0,0,.,.,.,.,.,.,.,.,.,.,.,.,.,.,.,.,.,.,.,.,.,.,.,.,.,.,.,.,.,.,.,.,no_record,NaN,TRUE,1931,11,,,0,0,0,0,0,0,0,0,0,0,0,.,.,.,.,.,.,.,.,.,.,.,.,.,.,.,.,.,.,.,.,.,.,.,.,.,.,.,.,.,.,.,.,.,.,.,.,.,.,.,.,.,.,.,.,no_record,NaN,0,3,3,3,3,3,2,0,0,0,1,0,0,1,2,1,0,999,,1.47438E+12,1.47438E+12,1.47438E+12,1.47438E+12,1.47438E+12,1.47438E+12,1.47438E+12,1.47438E+12,1.47438E+12,1.47438E+12,1.47438E+12,1.47438E+12,1.47438E+12,1.47438E+12,1.47438E+12,1.47438E+12,1.47438E+12,1.47438E+12,1.47438E+12
1.47446E+12,no_record,,,,,,,,,2016,9,21,12:10,WAZNEE,yes,yes,10,4,0,TRUE,1929,6,,,0,0,0,0,0,0,.,.,.,.,no_record,NaN,FALSE,1927,20,,,1,1,1,1,1,1,1,1,1,1,1,1,1,1,1,1,1,1,1,1,no_record,NaN,FALSE,1931,14,,,1,1,1,1,1,1,1,1,1,1,0,1,1,1,no_record,NaN,TRUE,1950,8,,,0,0,0,0,0,0,0,0,.,.,.,.,.,.,.,.,.,.,.,.,.,.,.,.,.,.,.,.,.,.,.,.,.,.,.,.,.,.,.,.,no_record,NaN,TRUE,1974,11,,,0,0,0,0,0,0,0,0,0,0,0,.,.,.,.,.,.,.,.,.,.,.,.,.,.,.,.,.,.,.,.,.,.,.,.,.,.,.,.,.,.,.,.,.,.,.,.,.,.,.,.,.,.,.,.,no_record,NaN,1,3,3,0,0,3,2,0,0,0,1,0,0,1,2,1,0,999,,1.47446E+12,1.47446E+12,1.47446E+12,1.47446E+12,1.47446E+12,1.47446E+12,1.47446E+12,1.47446E+12,1.47446E+12,1.47446E+12,1.47446E+12,1.47446E+12,1.47446E+12,1.47446E+12,1.47446E+12,1.47446E+12,1.47446E+12,1.47446E+12,1.47446E+12
1.47446E+12,no_record,8.480397407,-12.32635424,16,120.6283164,...,...,...,1.47446E+12,2016,9,21,12:22,GQETUS,yes,yes,10,4,1,TRUE,1924,6,,,0,0,0,0,0,0,.,.,.,.,no_record,NaN,FALSE,1914,20,,,1,1,1,0,0,1,1,1,1,1,1,0,1,0,1,1,1,1,1,1,no_record,NaN,TRUE,1972,6,,,0,0,0,0,0,0,.,.,.,.,.,.,.,.,no_record,NaN,TRUE,1964,8,,,0,0,0,0,0,0,0,0,.,.,.,.,.,.,.,.,.,.,.,.,.,.,.,.,.,.,.,.,.,.,.,.,.,.,.,.,.,.,.,.,no_record,NaN,TRUE,1966,11,,,0,0,0,0,0,0,0,0,0,0,0,.,.,.,.,.,.,.,.,.,.,.,.,.,.,.,.,.,.,.,.,.,.,.,.,.,.,.,.,.,.,.,.,.,.,.,.,.,.,.,.,.,.,.,.,no_record,NaN,1,3,3,3,0,0,1,0,0,0,1,0,0,2,2,1,1,2,,1.47446E+12,1.47446E+12,1.47446E+12,1.47446E+12,1.47446E+12,1.47446E+12,1.47446E+12,1.47446E+12,1.47446E+12,1.47446E+12,1.47446E+12,1.47446E+12,1.47446E+12,1.47446E+12,1.47446E+12,1.47446E+12,1.47446E+12,1.47446E+12,1.47446E+12
1.47446E+12,no_record,8.480436869,-12.32636724,4,113.0879337,...,...,0,1.47446E+12,2016,9,21,12:34,RKEPPM,yes,yes,10,4,1,TRUE,1929,6,,,0,0,0,0,0,0,.,.,.,.,no_record,NaN,FALSE,1910,20,,,1,1,1,0,1,1,1,1,1,1,1,1,1,1,1,0,1,0,1,1,no_record,NaN,FALSE,1939,14,,,0,1,1,1,1,1,0,1,1,0,0,1,1,1,no_record,NaN,TRUE,1940,8,,,0,0,0,0,0,0,0,0,.,.,.,.,.,.,.,.,.,.,.,.,.,.,.,.,.,.,.,.,.,.,.,.,.,.,.,.,.,.,.,.,no_record,NaN,TRUE,1940,11,,,0,0,0,0,0,0,0,0,0,0,0,.,.,.,.,.,.,.,.,.,.,.,.,.,.,.,.,.,.,.,.,.,.,.,.,.,.,.,.,.,.,.,.,.,.,.,.,.,.,.,.,.,.,.,.,no_record,NaN,1,3,0,3,0,0,2,0,0,0,1,0,0,1,2,1,1,2,,1.47446E+12,1.47446E+12,1.47446E+12,1.47446E+12,1.47446E+12,1.47446E+12,1.47446E+12,1.47446E+12,1.47446E+12,1.47446E+12,1.47446E+12,1.47446E+12,1.47446E+12,1.47446E+12,1.47446E+12,1.47446E+12,1.47446E+12,1.47446E+12,1.47446E+12
1.47445E+12,no_record,8.483271518,-12.34442077,12,134.9117732,...,...,0,1.47445E+12,2016,9,21,09:51,HXYSMH,yes,yes,10,4,0,FALSE,1875,10,,,1,1,0,0,1,1,1,0,0,1,no_record,NaN,FALSE,1919,20,,,1,1,1,1,1,1,1,1,1,1,1,1,1,1,1,1,1,1,1,1,no_record,NaN,FALSE,1931,14,,,0,1,1,1,1,1,1,1,1,1,1,1,1,1,no_record,NaN,FALSE,1751,40,,,1,1,0,1,1,1,1,0,1,0,0,0,0,0,0,1,0,0,1,0,1,0,0,0,0,0,0,0,0,0,0,0,0,0,0,0,0,0,0,0,no_record,NaN,TRUE,1955,11,,,0,0,0,0,0,0,0,0,0,0,0,.,.,.,.,.,.,.,.,.,.,.,.,.,.,.,.,.,.,.,.,.,.,.,.,.,.,.,.,.,.,.,.,.,.,.,.,.,.,.,.,.,.,.,.,no_record,NaN,0,3,3,3,3,3,2,0,0,0,1,0,0,1,2,2,0,999,,1.47445E+12,1.47445E+12,1.47445E+12,1.47445E+12,1.47445E+12,1.47445E+12,1.47445E+12,1.47445E+12,1.47445E+12,1.47445E+12,1.47445E+12,1.47445E+12,1.47445E+12,1.47445E+12,1.47445E+12,1.47445E+12,1.47445E+12,1.47445E+12,1.47445E+12
1.47445E+12,no_record,8.483369139,-12.34464777,24,136.412547,...,...,0,1.47445E+12,2016,9,21,10:07,GKWGKY,yes,yes,10,4,0,FALSE,1874,10,,,0,1,0,1,0,1,1,1,0,1,no_record,NaN,FALSE,1931,20,,,1,1,1,1,1,1,1,1,1,1,1,1,1,0,1,1,1,1,1,1,no_record,NaN,FALSE,1922,14,,,1,1,0,0,1,0,0,0,1,1,1,1,1,1,no_record,NaN,TRUE,1913,8,,,0,0,0,0,0,0,0,0,.,.,.,.,.,.,.,.,.,.,.,.,.,.,.,.,.,.,.,.,.,.,.,.,.,.,.,.,.,.,.,.,no_record,NaN,TRUE,1955,11,,,0,0,0,0,0,0,0,0,0,0,0,.,.,.,.,.,.,.,.,.,.,.,.,.,.,.,.,.,.,.,.,.,.,.,.,.,.,.,.,.,.,.,.,.,.,.,.,.,.,.,.,.,.,.,.,no_record,NaN,1,3,3,3,3,3,2,0,0,0,1,0,0,1,2,2,1,2,,1.47445E+12,1.47445E+12,1.47445E+12,1.47445E+12,1.47445E+12,1.47445E+12,1.47445E+12,1.47445E+12,1.47445E+12,1.47445E+12,1.47445E+12,1.47445E+12,1.47445E+12,1.47445E+12,1.47445E+12,1.47445E+12,1.47445E+12,1.47445E+12,1.47445E+12
1.47445E+12,no_record,8.483298229,-12.34461704,6,113.081697,...,...,0,1.47445E+12,2016,9,21,10:22,PHFSRG,yes,yes,11,4,0,TRUE,1928,6,,,0,0,0,0,0,0,.,.,.,.,no_record,NaN,FALSE,1909,20,,,1,1,1,0,1,1,1,1,1,1,1,1,1,1,1,1,1,1,1,1,no_record,NaN,FALSE,1918,14,,,0,1,1,0,1,1,1,1,1,1,0,0,1,1,no_record,NaN,TRUE,1912,8,,,0,0,0,0,0,0,0,0,.,.,.,.,.,.,.,.,.,.,.,.,.,.,.,.,.,.,.,.,.,.,.,.,.,.,.,.,.,.,.,.,no_record,NaN,TRUE,1962,11,,,0,0,0,0,0,0,0,0,0,0,0,.,.,.,.,.,.,.,.,.,.,.,.,.,.,.,.,.,.,.,.,.,.,.,.,.,.,.,.,.,.,.,.,.,.,.,.,.,.,.,.,.,.,.,.,no_record,NaN,0,3,3,3,3,3,1,0,0,0,1,0,0,1,2,1,0,999,,1.47445E+12,1.47445E+12,1.47445E+12,1.47445E+12,1.47445E+12,1.47445E+12,1.47445E+12,1.47445E+12,1.47445E+12,1.47445E+12,1.47445E+12,1.47445E+12,1.47445E+12,1.47445E+12,1.47445E+12,1.47445E+12,1.47445E+12,1.47445E+12,1.47445E+12
1.47445E+12,no_record,8.48335291,-12.34473454,6,124.5948565,...,...,0,1.47445E+12,2016,9,21,10:35,CUZKAZ,yes,yes,10,4,1,FALSE,1906,10,,,1,1,0,1,0,1,1,1,0,1,no_record,NaN,FALSE,1921,20,,,1,1,0,1,1,1,1,1,1,1,1,1,1,1,1,1,1,1,1,1,no_record,NaN,FALSE,1911,14,,,1,1,1,1,1,1,1,0,0,1,1,1,1,1,no_record,NaN,TRUE,1941,8,,,0,0,0,0,0,0,0,0,.,.,.,.,.,.,.,.,.,.,.,.,.,.,.,.,.,.,.,.,.,.,.,.,.,.,.,.,.,.,.,.,no_record,NaN,TRUE,1972,11,,,0,0,0,0,0,0,0,0,0,0,0,.,.,.,.,.,.,.,.,.,.,.,.,.,.,.,.,.,.,.,.,.,.,.,.,.,.,.,.,.,.,.,.,.,.,.,.,.,.,.,.,.,.,.,.,no_record,NaN,0,3,1,3,3,1,2,2,0,0,1,0,0,1,2,1,0,999,,1.47445E+12,1.47445E+12,1.47445E+12,1.47445E+12,1.47445E+12,1.47445E+12,1.47445E+12,1.47445E+12,1.47445E+12,1.47445E+12,1.47445E+12,1.47445E+12,1.47445E+12,1.47445E+12,1.47445E+12,1.47445E+12,1.47445E+12,1.47445E+12,1.47445E+12
1.47446E+12,no_record,8.483361331,-12.34452007,8,104.3478962,...,...,0,1.47445E+12,2016,9,21,10:50,CBZBKW,yes,yes,11,4,0,FALSE,1945,10,,,1,1,0,0,1,1,1,0,1,1,no_record,NaN,FALSE,1941,20,,,1,1,1,1,1,1,1,1,1,1,1,1,1,1,1,0,1,1,1,1,no_record,NaN,FALSE,1937,14,,,1,1,1,1,1,1,1,1,1,1,1,1,1,1,no_record,NaN,TRUE,1940,8,,,0,0,0,0,0,0,0,0,.,.,.,.,.,.,.,.,.,.,.,.,.,.,.,.,.,.,.,.,.,.,.,.,.,.,.,.,.,.,.,.,no_record,NaN,TRUE,1971,11,,,0,0,0,0,0,0,0,0,0,0,0,.,.,.,.,.,.,.,.,.,.,.,.,.,.,.,.,.,.,.,.,.,.,.,.,.,.,.,.,.,.,.,.,.,.,.,.,.,.,.,.,.,.,.,.,no_record,NaN,1,3,3,3,3,3,2,0,0,0,0,1,0,2,2,1,1,2,,1.47446E+12,1.47446E+12,1.47446E+12,1.47446E+12,1.47446E+12,1.47446E+12,1.47446E+12,1.47446E+12,1.47446E+12,1.47446E+12,1.47446E+12,1.47446E+12,1.47446E+12,1.47446E+12,1.47446E+12,1.47446E+12,1.47446E+12,1.47446E+12,1.47446E+12
1.47446E+12,no_record,8.483306875,-12.34470244,6,127.7518053,...,...,0,1.47446E+12,2016,9,21,11:00,FHNQFE,yes,yes,10,4,1,FALSE,1933,10,,,1,1,1,1,1,1,1,1,1,1,no_record,NaN,FALSE,1930,20,,,1,1,1,1,1,1,1,1,1,1,1,1,1,1,1,1,1,1,1,1,no_record,NaN,FALSE,1961,14,,,0,1,1,1,1,1,1,1,1,1,1,1,1,1,no_record,NaN,TRUE,1934,8,,,0,0,0,0,0,0,0,0,.,.,.,.,.,.,.,.,.,.,.,.,.,.,.,.,.,.,.,.,.,.,.,.,.,.,.,.,.,.,.,.,no_record,NaN,TRUE,1916,11,,,0,0,0,0,0,0,0,0,0,0,0,.,.,.,.,.,.,.,.,.,.,.,.,.,.,.,.,.,.,.,.,.,.,.,.,.,.,.,.,.,.,.,.,.,.,.,.,.,.,.,.,.,.,.,.,no_record,NaN,0,3,3,3,3,3,2,0,0,0,1,0,0,1,2,1,0,999,,1.47446E+12,1.47446E+12,1.47446E+12,1.47446E+12,1.47446E+12,1.47446E+12,1.47446E+12,1.47446E+12,1.47446E+12,1.47446E+12,1.47446E+12,1.47446E+12,1.47446E+12,1.47446E+12,1.47446E+12,1.47446E+12,1.47446E+12,1.47446E+12,1.47446E+12
1.47446E+12,no_record,8.483375133,-12.34460896,6,116.6577079,...,...,0,1.47446E+12,2016,9,21,11:10,AECWVR,yes,yes,10,4,0,TRUE,1915,6,,,0,0,0,0,0,0,.,.,.,.,no_record,NaN,FALSE,1899,20,,,0,1,1,0,0,0,0,1,1,0,1,1,1,0,1,1,0,0,0,1,no_record,NaN,FALSE,1911,14,,,1,1,0,0,0,0,0,1,1,0,0,1,0,1,no_record,NaN,TRUE,1952,8,,,0,0,0,0,0,0,0,0,.,.,.,.,.,.,.,.,.,.,.,.,.,.,.,.,.,.,.,.,.,.,.,.,.,.,.,.,.,.,.,.,no_record,NaN,TRUE,1976,11,,,0,0,0,0,0,0,0,0,0,0,0,.,.,.,.,.,.,.,.,.,.,.,.,.,.,.,.,.,.,.,.,.,.,.,.,.,.,.,.,.,.,.,.,.,.,.,.,.,.,.,.,.,.,.,.,no_record,NaN,0,0,0,1,0,1,2,0,0,0,1,0,0,2,1,0,0,999,,1.47446E+12,1.47446E+12,1.47446E+12,1.47446E+12,1.47446E+12,1.47446E+12,1.47446E+12,1.47446E+12,1.47446E+12,1.47446E+12,1.47446E+12,1.47446E+12,1.47446E+12,1.47446E+12,1.47446E+12,1.47446E+12,1.47446E+12,1.47446E+12,1.47446E+12
1.47446E+12,no_record,8.483332852,-12.34470637,16,129.5983168,...,...,0,1.47446E+12,2016,9,21,11:23,CVCYXF,yes,yes,10,4,1,TRUE,1933,6,,,0,0,0,0,0,0,.,.,.,.,no_record,NaN,TRUE,1946,9,,,0,0,0,0,0,0,0,0,0,.,.,.,.,.,.,.,.,.,.,.,no_record,NaN,TRUE,1944,6,,,0,0,0,0,0,0,.,.,.,.,.,.,.,.,no_record,NaN,TRUE,1955,8,,,0,0,0,0,0,0,0,0,.,.,.,.,.,.,.,.,.,.,.,.,.,.,.,.,.,.,.,.,.,.,.,.,.,.,.,.,.,.,.,.,no_record,NaN,TRUE,1966,11,,,0,0,0,0,0,0,0,0,0,0,0,.,.,.,.,.,.,.,.,.,.,.,.,.,.,.,.,.,.,.,.,.,.,.,.,.,.,.,.,.,.,.,.,.,.,.,.,.,.,.,.,.,.,.,.,no_record,NaN,0,3,3,1,0,3,1,0,0,0,1,0,0,2,2,0,0,999,,1.47446E+12,1.47446E+12,1.47446E+12,1.47446E+12,1.47446E+12,1.47446E+12,1.47446E+12,1.47446E+12,1.47446E+12,1.47446E+12,1.47446E+12,1.47446E+12,1.47446E+12,1.47446E+12,1.47446E+12,1.47446E+12,1.47446E+12,1.47446E+12,1.47446E+12
1.47454E+12,no_record,8.4373439,-12.2863015,15,123.4698858,...,167,0.030564725,1.47454E+12,2016,,22,11:32,RVPHGU,yes,yes,12,4,1,TRUE,1955,6,,,0,0,0,0,0,0,.,.,.,.,no_record,NaN,FALSE,1968,20,,,1,1,1,1,1,1,1,1,1,1,1,1,1,1,1,1,1,1,1,1,no_record,NaN,FALSE,1920,14,,,1,1,1,1,1,1,0,1,1,1,1,1,1,1,no_record,NaN,FALSE,1868,40,,,0,1,1,1,1,1,1,1,1,1,1,1,1,1,1,1,1,1,1,1,1,0,1,1,1,1,1,1,1,1,1,1,1,1,1,1,1,1,1,1,no_record,NaN,FALSE,1903,55,,,1,1,1,1,0,1,1,1,1,1,1,1,1,1,1,1,0,1,1,1,1,0,1,1,1,1,1,1,1,1,1,0,0,1,1,1,1,1,0,1,1,1,0,1,0,1,1,1,1,1,1,1,0,1,1,no_record,NaN,1,1,1,0,1,0,2,5,2,0,1,1,0,1,1,1,0,999,,1.47454E+12,1.47454E+12,1.47454E+12,1.47454E+12,1.47454E+12,1.47454E+12,1.47454E+12,1.47454E+12,1.47454E+12,1.47454E+12,1.47454E+12,1.47454E+12,1.47454E+12,1.47454E+12,1.47454E+12,1.47454E+12,1.47454E+12,1.47454E+12,1.47454E+12
1.47454E+12,no_record,,,,,,,,,2016,,22,11:46,KUSYYR,yes,yes,12,4,1,TRUE,1949,6,,,0,0,0,0,0,0,.,.,.,.,no_record,NaN,FALSE,1964,20,,,1,1,1,1,1,1,1,1,1,1,1,1,1,1,1,1,1,1,1,1,no_record,NaN,TRUE,1972,6,,,0,0,0,0,0,0,.,.,.,.,.,.,.,.,no_record,NaN,FALSE,1828,40,,,0,1,1,1,1,1,1,1,1,1,1,0,1,1,1,1,1,1,1,1,1,1,1,1,1,1,1,0,1,0,0,1,1,0,1,1,0,1,0,1,no_record,NaN,TRUE,1991,11,,,0,0,0,0,0,0,0,0,0,0,0,.,.,.,.,.,.,.,.,.,.,.,.,.,.,.,.,.,.,.,.,.,.,.,.,.,.,.,.,.,.,.,.,.,.,.,.,.,.,.,.,.,.,.,.,no_record,NaN,0,3,3,3,3,0,2,3,2,0,1,0,0,1,1,1,0,999,,1.47454E+12,1.47454E+12,1.47454E+12,1.47454E+12,1.47454E+12,1.47454E+12,1.47454E+12,1.47454E+12,1.47454E+12,1.47454E+12,1.47454E+12,1.47454E+12,1.47454E+12,1.47454E+12,1.47454E+12,1.47454E+12,1.47454E+12,1.47454E+12,1.47454E+12
1.47454E+12,no_record,,,,,,,,,2016,,22,11:57,SFMNYM,yes,yes,10,4,0,FALSE,1939,10,,,1,1,1,1,1,1,1,1,1,1,no_record,NaN,FALSE,1967,20,,,1,1,1,1,1,1,1,1,1,1,1,1,1,1,1,1,1,1,1,1,no_record,NaN,FALSE,1977,14,,,1,1,0,1,1,1,1,1,1,1,1,1,1,1,no_record,NaN,FALSE,1822,40,,,0,1,1,1,0,1,1,1,1,1,1,0,1,0,1,1,1,1,1,1,1,0,0,1,0,1,1,0,1,0,1,0,1,0,1,1,1,1,0,1,no_record,NaN,FALSE,1743,55,,,1,0,1,1,0,1,1,1,1,1,0,1,0,1,1,1,1,1,1,1,1,1,1,1,1,1,1,1,1,1,0,0,0,1,1,1,1,1,1,1,1,0,0,1,1,1,1,1,0,1,1,1,0,1,1,no_record,NaN,1,1,1,1,0,1,2,5,2,0,1,0,0,1,1,1,0,999,,1.47454E+12,1.47454E+12,1.47454E+12,1.47454E+12,1.47454E+12,1.47454E+12,1.47454E+12,1.47454E+12,1.47454E+12,1.47454E+12,1.47454E+12,1.47454E+12,1.47454E+12,1.47454E+12,1.47454E+12,1.47454E+12,1.47454E+12,1.47454E+12,1.47454E+12
1.47445E+12,no_record,,,,,,,,,2016,2016-09,21,10:14,UKVHUS,yes,yes,10,4,1,FALSE,1886,10,,,0,0,1,0,0,1,1,0,0,0,no_record,NaN,FALSE,1902,20,,,0,1,0,1,1,1,0,0,1,0,1,1,1,0,1,0,0,1,1,1,no_record,NaN,FALSE,1924,14,,,0,1,1,0,1,1,1,0,0,1,1,0,1,0,no_record,NaN,TRUE,1961,8,,,0,0,0,0,0,0,0,0,.,.,.,.,.,.,.,.,.,.,.,.,.,.,.,.,.,.,.,.,.,.,.,.,.,.,.,.,.,.,.,.,no_record,NaN,TRUE,1959,11,,,0,0,0,0,0,0,0,0,0,0,0,.,.,.,.,.,.,.,.,.,.,.,.,.,.,.,.,.,.,.,.,.,.,.,.,.,.,.,.,.,.,.,.,.,.,.,.,.,.,.,.,.,.,.,.,no_record,NaN,0,0,0,3,3,3,2,0,0,0,1,1,0,1,1,1,1,2,,1.47445E+12,1.47445E+12,1.47445E+12,1.47445E+12,1.47445E+12,1.47445E+12,1.47445E+12,1.47445E+12,1.47445E+12,1.47445E+12,1.47445E+12,1.47445E+12,1.47445E+12,1.47445E+12,1.47445E+12,1.47445E+12,1.47445E+12,1.47445E+12,1.47445E+12
1.47445E+12,no_record,,,,,,,,,2016,2016-09,21,10:27,UWXXTU,yes,yes,13,4,0,FALSE,1948,10,,,0,1,1,0,0,1,1,0,0,1,no_record,NaN,FALSE,1958,20,,,1,1,0,1,1,1,1,1,1,1,1,1,1,1,1,1,1,1,1,1,no_record,NaN,FALSE,1939,14,,,1,0,0,0,1,0,0,1,1,0,0,0,1,1,no_record,NaN,FALSE,1832,40,,,0,1,1,1,0,1,1,0,1,1,1,0,1,0,0,1,1,1,0,0,1,0,0,0,1,1,1,0,1,1,1,0,1,1,1,1,1,0,0,0,no_record,NaN,TRUE,1956,11,,,0,0,0,0,0,0,0,0,0,0,0,.,.,.,.,.,.,.,.,.,.,.,.,.,.,.,.,.,.,.,.,.,.,.,.,.,.,.,.,.,.,.,.,.,.,.,.,.,.,.,.,.,.,.,.,no_record,NaN,0,0,0,3,3,3,2,0,0,0,1,1,0,1,1,1,1,2,,1.47445E+12,1.47445E+12,1.47445E+12,1.47445E+12,1.47445E+12,1.47445E+12,1.47445E+12,1.47445E+12,1.47445E+12,1.47445E+12,1.47445E+12,1.47445E+12,1.47445E+12,1.47445E+12,1.47445E+12,1.47445E+12,1.47445E+12,1.47445E+12,1.47445E+12
1.47445E+12,no_record,,,,,,,,,2016,2016-09,21,10:39,RQBUGW,yes,yes,10,4,0,FALSE,1962,10,,,1,1,1,1,1,1,1,1,0,1,no_record,NaN,FALSE,1980,20,,,1,1,1,1,1,1,1,1,1,1,1,1,1,1,1,1,1,1,1,1,no_record,NaN,FALSE,1985,14,,,1,1,1,1,1,1,1,1,1,1,1,1,1,1,no_record,NaN,FALSE,1855,40,,,1,1,0,1,0,1,0,0,1,1,1,0,1,0,1,1,1,1,0,1,1,0,1,1,1,1,1,1,1,1,1,1,1,1,1,1,1,1,0,1,no_record,NaN,TRUE,1955,11,,,0,0,0,0,0,0,0,0,0,0,0,.,.,.,.,.,.,.,.,.,.,.,.,.,.,.,.,.,.,.,.,.,.,.,.,.,.,.,.,.,.,.,.,.,.,.,.,.,.,.,.,.,.,.,.,no_record,NaN,0,3,3,3,3,3,2,3,0,0,1,1,0,1,1,1,1,2,,1.47445E+12,1.47445E+12,1.47445E+12,1.47445E+12,1.47445E+12,1.47445E+12,1.47445E+12,1.47445E+12,1.47445E+12,1.47445E+12,1.47445E+12,1.47445E+12,1.47445E+12,1.47445E+12,1.47445E+12,1.47445E+12,1.47445E+12,1.47445E+12,1.47445E+12
1.47445E+12,no_record,,,,,,,,,2016,2016-09,21,10:50,CXUFYG,yes,yes,10,4,0,FALSE,1927,10,,,1,1,1,0,1,0,0,0,0,0,no_record,NaN,FALSE,1944,20,,,0,1,1,0,1,1,1,1,1,1,1,1,1,1,1,1,1,1,1,1,no_record,NaN,FALSE,1953,14,,,1,1,1,1,1,1,1,0,1,1,1,1,1,0,no_record,NaN,TRUE,1941,8,,,0,0,0,0,0,0,0,0,.,.,.,.,.,.,.,.,.,.,.,.,.,.,.,.,.,.,.,.,.,.,.,.,.,.,.,.,.,.,.,.,no_record,NaN,TRUE,1965,11,,,0,0,0,0,0,0,0,0,0,0,0,.,.,.,.,.,.,.,.,.,.,.,.,.,.,.,.,.,.,.,.,.,.,.,.,.,.,.,.,.,.,.,.,.,.,.,.,.,.,.,.,.,.,.,.,no_record,NaN,0,3,3,3,3,3,2,0,0,0,1,1,0,1,1,1,1,2,,1.47445E+12,1.47445E+12,1.47445E+12,1.47445E+12,1.47445E+12,1.47445E+12,1.47445E+12,1.47445E+12,1.47445E+12,1.47445E+12,1.47445E+12,1.47445E+12,1.47445E+12,1.47445E+12,1.47445E+12,1.47445E+12,1.47445E+12,1.47445E+12,1.47445E+12
1.47445E+12,no_record,,,,,,,,,2016,2016-09,21,10:59,MZPWMQ,yes,yes,10,4,0,FALSE,1962,10,,,1,1,1,1,1,1,1,1,1,1,no_record,NaN,FALSE,1969,20,,,1,1,1,1,1,1,1,1,1,1,1,1,1,1,1,1,1,1,1,1,no_record,NaN,FALSE,1983,14,,,1,1,1,1,1,1,1,1,1,1,1,1,1,1,no_record,NaN,FALSE,1932,40,,,1,1,0,1,1,0,1,0,1,0,0,0,1,1,1,0,1,0,1,0,0,0,0,1,0,1,0,1,0,0,1,0,1,1,1,1,1,1,1,1,no_record,NaN,TRUE,1964,11,,,0,0,0,0,0,0,0,0,0,0,0,.,.,.,.,.,.,.,.,.,.,.,.,.,.,.,.,.,.,.,.,.,.,.,.,.,.,.,.,.,.,.,.,.,.,.,.,.,.,.,.,.,.,.,.,no_record,NaN,0,0,0,3,3,3,2,0,0,0,1,1,0,1,1,1,1,2,,1.47445E+12,1.47445E+12,1.47445E+12,1.47445E+12,1.47445E+12,1.47445E+12,1.47445E+12,1.47445E+12,1.47445E+12,1.47445E+12,1.47445E+12,1.47445E+12,1.47445E+12,1.47445E+12,1.47445E+12,1.47445E+12,1.47445E+12,1.47445E+12,1.47445E+12
1.47437E+12,no_record,,,,,,,,,2016,,20,13:05,MUKGMB,yes,yes,13,4,1,FALSE,1974,10,,,1,1,1,1,1,1,1,1,1,1,no_record,NaN,FALSE,1976,20,,,1,1,1,1,1,1,1,1,1,1,1,1,1,1,1,1,1,1,1,1,no_record,NaN,FALSE,1978,14,,,1,1,1,1,1,1,1,1,1,0,1,1,1,1,no_record,NaN,TRUE,1986,8,,,0,0,0,0,0,0,0,0,.,.,.,.,.,.,.,.,.,.,.,.,.,.,.,.,.,.,.,.,.,.,.,.,.,.,.,.,.,.,.,.,no_record,NaN,TRUE,1995,11,,,0,0,0,0,0,0,0,0,0,0,0,.,.,.,.,.,.,.,.,.,.,.,.,.,.,.,.,.,.,.,.,.,.,.,.,.,.,.,.,.,.,.,.,.,.,.,.,.,.,.,.,.,.,.,.,no_record,NaN,0,3,0,0,0,0,2,0,0,0,0,1,0,1,1,1,0,999,,1.47437E+12,1.47437E+12,1.47437E+12,1.47437E+12,1.47437E+12,1.47437E+12,1.47437E+12,1.47437E+12,1.47437E+12,1.47437E+12,1.47437E+12,1.47437E+12,1.47437E+12,1.47437E+12,1.47437E+12,1.47437E+12,1.47437E+12,1.47437E+12,1.47437E+12
1.47437E+12,no_record,,,,,,,,,2016,,20,13:13,ESZQUF,yes,yes,11,4,1,TRUE,1993,6,,,0,0,0,0,0,0,.,.,.,.,no_record,NaN,FALSE,1948,20,,,1,1,1,1,1,1,1,1,1,1,1,1,1,1,1,1,1,1,1,1,no_record,NaN,FALSE,1952,14,,,1,1,0,0,0,1,0,1,0,0,1,1,1,1,no_record,NaN,FALSE,1950,40,,,1,1,1,1,0,1,1,1,1,1,0,0,1,0,0,1,1,0,0,1,1,1,1,0,0,1,1,0,1,1,1,0,0,0,1,0,1,1,0,1,no_record,NaN,TRUE,1995,11,,,0,0,0,0,0,0,0,0,0,0,0,.,.,.,.,.,.,.,.,.,.,.,.,.,.,.,.,.,.,.,.,.,.,.,.,.,.,.,.,.,.,.,.,.,.,.,.,.,.,.,.,.,.,.,.,no_record,NaN,0,3,3,3,3,0,2,0,0,0,1,0,0,1,1,1,1,5,,1.47437E+12,1.47437E+12,1.47437E+12,1.47437E+12,1.47437E+12,1.47437E+12,1.47437E+12,1.47437E+12,1.47437E+12,1.47437E+12,1.47437E+12,1.47437E+12,1.47437E+12,1.47437E+12,1.47437E+12,1.47437E+12,1.47437E+12,1.47437E+12,1.47437E+12
1.47437E+12,no_record,,,,,,,,,2016,,20,13:23,FUUQKH,yes,yes,9,4,1,TRUE,1988,6,,,0,0,0,0,0,0,.,.,.,.,no_record,NaN,FALSE,1976,20,,,1,1,1,1,1,1,1,1,1,1,1,1,1,1,1,0,1,1,1,1,no_record,NaN,FALSE,1964,14,,,1,1,1,1,1,1,1,1,1,1,1,1,1,1,no_record,NaN,FALSE,1958,39,,,1,1,1,1,0,1,0,0,1,0,0,0,0,1,1,1,1,0,0,0,0,0,1,0,0,1,1,0,1,0,1,0,1,0,1,1,1,0,0,.,no_record,NaN,TRUE,1983,11,,,0,0,0,0,0,0,0,0,0,0,0,.,.,.,.,.,.,.,.,.,.,.,.,.,.,.,.,.,.,.,.,.,.,.,.,.,.,.,.,.,.,.,.,.,.,.,.,.,.,.,.,.,.,.,.,no_record,NaN,0,3,3,3,3,3,2,0,0,0,1,0,0,2,1,1,0,999,,1.47437E+12,1.47437E+12,1.47437E+12,1.47437E+12,1.47437E+12,1.47437E+12,1.47437E+12,1.47437E+12,1.47437E+12,1.47437E+12,1.47437E+12,1.47437E+12,1.47437E+12,1.47437E+12,1.47437E+12,1.47437E+12,1.47437E+12,1.47437E+12,1.47437E+12
1.47437E+12,no_record,,,,,,,,,2016,,20,13:32,KEPWSZ,yes,yes,10,4,1,TRUE,1979,6,,,0,0,0,0,0,0,.,.,.,.,no_record,NaN,FALSE,1965,20,,,1,1,1,1,1,1,1,1,1,1,1,1,1,1,1,0,1,1,1,1,no_record,NaN,FALSE,1949,14,,,1,1,1,1,1,1,1,1,1,1,1,1,1,1,no_record,NaN,FALSE,1937,40,,,0,0,0,1,0,0,1,0,0,0,0,0,0,0,0,0,0,0,0,0,0,0,0,0,0,1,1,0,0,0,1,0,1,0,1,1,0,0,0,1,no_record,NaN,TRUE,1988,11,,,0,0,0,0,0,0,0,0,0,0,0,.,.,.,.,.,.,.,.,.,.,.,.,.,.,.,.,.,.,.,.,.,.,.,.,.,.,.,.,.,.,.,.,.,.,.,.,.,.,.,.,.,.,.,.,no_record,NaN,0,0,0,0,3,0,2,0,0,0,1,0,0,1,1,1,0,999,,1.47438E+12,1.47437E+12,1.47437E+12,1.47437E+12,1.47437E+12,1.47437E+12,1.47437E+12,1.47437E+12,1.47437E+12,1.47437E+12,1.47437E+12,1.47438E+12,1.47438E+12,1.47438E+12,1.47438E+12,1.47438E+12,1.47438E+12,1.47438E+12,1.47438E+12
1.47438E+12,no_record,,,,,,,,,2016,,20,13:39,BZQGSG,yes,yes,13,4,1,TRUE,1991,6,,,0,0,0,0,0,0,.,.,.,.,no_record,NaN,FALSE,1962,20,,,1,1,1,1,1,1,1,1,1,1,1,1,1,1,1,1,1,1,1,1,no_record,NaN,FALSE,1965,14,,,1,1,1,1,1,1,1,1,1,1,1,1,1,1,no_record,NaN,FALSE,1942,40,,,1,0,0,0,0,1,1,1,1,0,0,0,1,0,0,0,0,0,0,0,0,1,0,0,0,1,1,0,1,0,0,0,1,0,0,0,0,0,0,1,no_record,NaN,TRUE,1990,11,,,0,0,0,0,0,0,0,0,0,0,0,.,.,.,.,.,.,.,.,.,.,.,.,.,.,.,.,.,.,.,.,.,.,.,.,.,.,.,.,.,.,.,.,.,.,.,.,.,.,.,.,.,.,.,.,no_record,NaN,0,0,3,3,0,3,2,4,0,0,1,0,0,1,1,1,0,999,,1.47438E+12,1.47438E+12,1.47438E+12,1.47438E+12,1.47438E+12,1.47438E+12,1.47438E+12,1.47438E+12,1.47438E+12,1.47438E+12,1.47438E+12,1.47438E+12,1.47438E+12,1.47438E+12,1.47438E+12,1.47438E+12,1.47438E+12,1.47438E+12,1.47438E+12
1.47438E+12,no_record,,,,,,,,,2016,,20,13:46,WNZKPH,yes,yes,12,4,1,TRUE,1983,6,,,0,0,0,0,0,0,.,.,.,.,no_record,NaN,FALSE,1928,20,,,1,1,1,1,1,1,1,1,1,0,1,1,1,0,1,1,1,1,1,1,no_record,NaN,FALSE,1961,14,,,0,1,1,1,1,1,1,1,1,1,1,1,1,1,no_record,NaN,FALSE,1892,40,,,1,1,1,1,1,1,1,1,1,1,1,1,1,0,1,1,1,0,1,0,1,0,0,1,1,1,1,0,1,0,1,1,1,1,1,1,1,0,0,0,no_record,NaN,TRUE,1981,11,,,0,0,0,0,0,0,0,0,0,0,0,.,.,.,.,.,.,.,.,.,.,.,.,.,.,.,.,.,.,.,.,.,.,.,.,.,.,.,.,.,.,.,.,.,.,.,.,.,.,.,.,.,.,.,.,no_record,NaN,1,0,0,0,0,0,2,4,0,0,1,0,0,1,1,1,0,999,,1.47438E+12,1.47438E+12,1.47438E+12,1.47438E+12,1.47438E+12,1.47438E+12,1.47438E+12,1.47438E+12,1.47438E+12,1.47438E+12,1.47438E+12,1.47438E+12,1.47438E+12,1.47438E+12,1.47438E+12,1.47438E+12,1.47438E+12,1.47438E+12,1.47438E+12
1.47438E+12,no_record,,,,,,,,,2016,,20,13:56,MQHFKH,yes,yes,10,4,0,TRUE,1979,6,,,0,0,0,0,0,0,.,.,.,.,no_record,NaN,FALSE,1981,20,,,1,1,1,1,1,1,1,1,1,1,1,1,1,1,1,1,1,1,1,1,no_record,NaN,FALSE,1966,14,,,1,1,1,1,1,1,1,1,1,1,1,1,1,1,no_record,NaN,FALSE,1911,39,,,0,1,1,1,1,1,1,1,1,1,1,1,1,1,1,1,1,1,1,1,1,0,1,1,1,1,1,1,1,0,1,1,1,1,1,1,1,0,1,.,no_record,NaN,FALSE,1959,55,,,1,1,1,1,1,0,1,1,1,1,1,1,1,1,1,1,0,1,1,1,1,0,1,1,1,1,1,1,1,1,1,1,1,1,1,1,1,0,0,0,0,0,0,0,0,0,0,0,0,0,0,0,0,0,0,no_record,NaN,1,3,0,3,0,0,2,5,2,0,1,0,0,1,1,1,1,1,,1.47438E+12,1.47438E+12,1.47438E+12,1.47438E+12,1.47438E+12,1.47438E+12,1.47438E+12,1.47438E+12,1.47438E+12,1.47438E+12,1.47438E+12,1.47438E+12,1.47438E+12,1.47438E+12,1.47438E+12,1.47438E+12,1.47438E+12,1.47438E+12,1.47438E+12
1.47438E+12,no_record,,,,,,,,,2016,,20,14:06,AWHMPN,yes,yes,13,4,0,TRUE,1987,6,,,0,0,0,0,0,0,.,.,.,.,no_record,NaN,FALSE,1970,20,,,1,1,1,1,1,1,0,1,1,1,1,1,1,1,1,0,1,1,1,1,no_record,NaN,FALSE,1944,14,,,0,1,1,1,1,1,1,1,1,0,1,1,1,0,no_record,NaN,FALSE,1941,40,,,0,1,0,1,0,1,0,0,0,0,0,0,1,0,0,1,1,0,0,0,0,0,0,0,0,0,0,0,1,0,1,0,1,0,1,0,1,0,0,1,no_record,NaN,TRUE,1992,11,,,0,0,0,0,0,0,0,0,0,0,0,.,.,.,.,.,.,.,.,.,.,.,.,.,.,.,.,.,.,.,.,.,.,.,.,.,.,.,.,.,.,.,.,.,.,.,.,.,.,.,.,.,.,.,.,no_record,NaN,0,3,3,0,3,3,2,5,2,0,1,0,0,1,1,1,1,5,,1.47438E+12,1.47438E+12,1.47438E+12,1.47438E+12,1.47438E+12,1.47438E+12,1.47438E+12,1.47438E+12,1.47438E+12,1.47438E+12,1.47438E+12,1.47438E+12,1.47438E+12,1.47438E+12,1.47438E+12,1.47438E+12,1.47438E+12,1.47438E+12,1.47438E+12
1.47438E+12,no_record,,,,,,,,,2016,,20,14:16,BEQRZS,yes,yes,13,4,0,TRUE,1981,6,,,0,0,0,0,0,0,.,.,.,.,no_record,NaN,FALSE,1989,20,,,1,1,1,1,1,1,1,1,1,1,1,1,1,1,1,1,1,1,1,1,no_record,NaN,FALSE,1969,14,,,1,1,1,1,0,1,1,1,1,1,1,1,1,1,no_record,NaN,FALSE,1921,40,,,1,1,1,1,1,1,1,1,1,1,1,1,1,1,1,1,1,1,1,1,1,1,1,1,1,1,1,1,1,1,1,1,1,1,1,1,1,1,1,1,no_record,NaN,FALSE,1940,55,,,1,1,1,1,1,1,1,1,1,1,1,1,1,1,1,1,1,1,1,1,1,1,1,1,1,1,1,1,1,1,1,1,0,1,1,1,1,1,1,1,1,1,1,1,1,1,1,1,1,1,1,1,1,1,1,no_record,NaN,1,1,1,1,1,1,2,5,2,0,0,1,0,1,1,1,0,999,,1.47438E+12,1.47438E+12,1.47438E+12,1.47438E+12,1.47438E+12,1.47438E+12,1.47438E+12,1.47438E+12,1.47438E+12,1.47438E+12,1.47438E+12,1.47438E+12,1.47438E+12,1.47438E+12,1.47438E+12,1.47438E+12,1.47438E+12,1.47438E+12,1.47438E+12
1.47438E+12,no_record,,,,,,,,,2016,,20,14:27,FEEFSK,yes,yes,13,4,0,TRUE,1996,6,,,0,0,0,0,0,0,.,.,.,.,no_record,NaN,FALSE,1971,20,,,1,1,1,1,1,1,1,1,1,1,1,1,1,1,1,1,1,1,1,1,no_record,NaN,FALSE,1949,14,,,1,1,1,1,1,1,1,1,1,1,1,1,1,1,no_record,NaN,FALSE,1942,40,,,1,1,1,1,0,1,1,1,1,0,0,0,1,0,0,0,0,0,1,0,0,0,0,0,0,1,0,1,1,0,1,1,1,0,1,0,1,0,0,0,no_record,NaN,TRUE,1992,11,,,0,0,0,0,0,0,0,0,0,0,0,.,.,.,.,.,.,.,.,.,.,.,.,.,.,.,.,.,.,.,.,.,.,.,.,.,.,.,.,.,.,.,.,.,.,.,.,.,.,.,.,.,.,.,.,no_record,NaN,0,3,0,3,0,0,2,0,2,0,0,1,0,1,1,1,0,999,,1.47438E+12,1.47438E+12,1.47438E+12,1.47438E+12,1.47438E+12,1.47438E+12,1.47438E+12,1.47438E+12,1.47438E+12,1.47438E+12,1.47438E+12,1.47438E+12,1.47438E+12,1.47438E+12,1.47438E+12,1.47438E+12,1.47438E+12,1.47438E+12,1.47438E+12
1.47438E+12,no_record,,,,,,,,,2016,,20,14:37,ZHWFBH,yes,yes,11,4,0,FALSE,1973,10,,,1,1,1,1,1,1,1,0,1,0,no_record,NaN,FALSE,1975,20,,,1,1,1,1,1,1,1,1,1,1,1,1,1,1,1,1,1,1,1,1,no_record,NaN,FALSE,1974,14,,,1,1,1,1,1,1,1,1,1,0,1,1,1,1,no_record,NaN,FALSE,1857,40,,,0,1,1,1,0,1,1,0,1,1,1,0,0,0,0,1,1,1,0,0,1,0,0,0,0,1,1,1,1,0,1,1,1,1,1,1,1,0,0,1,no_record,NaN,FALSE,1829,55,,,0,1,1,1,0,1,1,1,1,1,0,0,0,1,1,0,1,1,0,1,1,0,0,0,1,1,0,1,0,0,1,1,1,1,1,0,0,0,0,1,1,0,0,0,0,1,1,1,0,1,1,1,0,1,1,no_record,NaN,1,0,0,0,0,0,2,2,1,0,1,0,0,1,1,1,1,2,,1.47438E+12,1.47438E+12,1.47438E+12,1.47438E+12,1.47438E+12,1.47438E+12,1.47438E+12,1.47438E+12,1.47438E+12,1.47438E+12,1.47438E+12,1.47438E+12,1.47438E+12,1.47438E+12,1.47438E+12,1.47438E+12,1.47438E+12,1.47438E+12,1.47438E+12
